C,Freq_AAFA,Freq_AFB,Freq_AINDI,Freq_AISC,Freq_ALANAM,Freq_AMIND,Freq_CARB,Freq_CARHIS,Freq_CARIBI,Freq_EURCAU,Freq_FILII,Freq_HAWI,Freq_JAPI,Freq_KORI,Freq_MENAFC,Freq_MSWHIS,Freq_NCHI,Freq_SCAHIS,Freq_SCAMB,Freq_SCSEAI,Freq_VIET
C*04:26,2.0626747962e-6,0.0,9.44150690909999e-6,0.0,0.0,0.0,0.0,0.0,0.0,0.0,0.0,0.0,0.0,0.0,0.0,0.0,0.0,0.0,0.0,0.0000828191834696998,0.0
C*04:10,0.0,0.0,0.000776,0.0,0.0,0.0,0.0000511911290173001,0.0,0.0000848798824256,0.0,0.0000276112506376,0.000264,0.0000688597443456001,0.0000279744979128,0.0000265280056193,5.8792275644e-6,0.0000451561212800999,0.0000154103127181,0.0,0.000414,0.0000417240775333
C*06:50,3.1926472221e-6,0.0,0.0,0.0,0.0,0.0,0.0,0.0,0.0,0.0,0.0,0.0,0.0,0.0,0.0,0.0,0.0,0.0,0.0,0.0,0.0
C*07:21,0.0,0.0,8.15381012760001e-6,0.0,0.0,0.0,0.0,0.0,0.0,3.3650575732e-6,0.0,0.0,0.0,0.0,0.0000403464717947,0.0,0.0,0.0,0.0,0.0,0.0
C*08:19,0.0,0.0,0.0,0.0,0.0,0.0,0.0,0.0,0.0,0.0,0.0,0.0,0.0,0.0,0.0,0.0,0.0,0.0,0.0,0.0,0.0
C*01:07,0.0,0.0,0.0,0.0,0.0,0.0,0.0,0.0,0.0,2.59728732969999e-6,0.0,0.0,0.0,0.0,0.0,4.4788662229e-6,0.0,0.0,0.0,0.0,0.0
C*06:15,0.0,0.0,0.0,0.0,0.0,0.0,0.0,0.0,0.0,0.0,0.0,0.0,0.0,0.0000275059706752,0.0,0.0,0.0,0.0,0.0,0.0,0.0
C*15:15,6.095521033e-6,0.0,0.0,0.0,0.0,0.0,0.0,0.0,0.0,7.723933093e-7,0.0,0.0,0.0,0.0,0.0,0.0,0.0,0.0,0.0,0.0,0.0
C*08:10,0.0,0.0,0.0,0.0,0.0,0.0,0.0,0.0000108057145521,0.0,1.1121261751e-6,0.0,0.0,0.0,0.0,0.0000136454777227,0.0000415654322897,0.0,0.0000312830113811,0.0,0.0,0.0
C*15:22,0.000019796207528,0.0000434885214228999,0.0,0.0,0.0,0.0,0.0,0.0,0.0,0.0,0.0,0.0,0.0,0.0,0.0,0.0,0.0,0.0,0.0,0.0,0.0
C*04:05,0.0,0.0,0.0,0.0,0.0,0.0,0.0,0.0,0.0,3.1378754055e-6,0.0,0.0,0.0,0.0,0.0,0.0,0.0,0.0,0.0,0.0,0.0
C*08:27,0.0,0.0,0.0,0.0,0.0,0.0,0.0,0.0,0.0,0.0,0.0,0.0,0.0,0.0,0.0,0.0,0.000011170735206,0.0,0.0,0.0,0.000023120499971
C*07:109,1.322441683e-6,0.0,0.0,0.0,0.0,0.0,0.0,0.0,0.0,0.0,7.2374605552e-6,0.0,0.0,0.0,0.0,0.0,0.0,0.0,0.0,0.0,0.0
C*12:42,0.0,0.0,0.0,0.0,0.0,0.0,0.0,0.0,0.0,0.0,0.0,0.0,0.0,0.0,0.0,0.0,0.0,0.0,0.0,0.0,0.0
C*07:38,0.0,0.0,0.0,0.0,0.0,0.0,0.0,0.0,0.0,1.2819548194e-6,0.0,0.0,0.0,0.0,0.0,0.0,0.0,0.0,0.0,0.0,0.0
C*16:26,3.1366214161e-6,0.0,0.0,0.0,0.0,0.0,0.0,0.0,0.0,0.0,0.0,0.0,0.0,0.0,0.0,0.0,0.0,0.0,0.0,0.0,0.0
C*02:12,3.4349784105e-6,0.0,0.0,0.0,0.0,0.0,0.0,0.0,0.0,0.0,0.0,0.0,0.0,0.0,0.0,0.0,0.0,0.0,0.0,0.0,0.0
C*14:06,0.0,0.0,0.0,0.0,0.0,0.0,0.0000271704115448,0.0,0.0,0.0,0.0,0.0,0.000052247138521,0.0000200903638168,0.0,0.0000144842811163,0.0,0.0000127309987987,0.0,0.0,0.0000272327491406
C*12:14,0.0,0.0,0.0,0.0,0.0,0.0,0.0,0.0,0.0,1.4921964969e-6,0.0,0.0,0.0,0.0,0.0,0.0,0.0,0.0,0.0,0.0,0.0
C*14:11,0.0,0.0,0.0,0.0,0.0,0.0,0.0,0.0,0.0,3.2723707246e-6,0.0,0.0,0.0,0.0,0.0,5.2759376198e-6,0.0,0.0,0.0,0.0,0.0
C*07:28,7.15351549100001e-6,0.0000326187198884,0.0,0.0,0.0,0.0,0.0,0.000035168133199,0.0000697853535483,1.032920716e-6,0.0,0.0,0.0,0.0,0.0,0.0,0.0,0.0,0.0,0.0,0.0
C*03:12,0.0,0.0,0.0,0.000658,0.0,0.0,0.0,0.0,0.0,0.0,0.0,0.0,0.0,0.0,0.0,0.0,0.0,0.0,0.0,0.0,0.0
C*04:19,0.0,0.0,0.0,0.0,0.0,0.0,0.0,0.0,0.0,0.0,0.0,0.0,0.0,0.0,0.0,0.000012597158578,0.0,5.9981841671e-6,0.0,0.0,0.0
C*03:56,0.0,0.0,0.0,0.0,0.0,0.0,0.0,0.0,0.0,0.0,0.0000209609124865,0.0,0.0,0.0,0.0,0.0,0.0000137444133831,0.0,0.0,0.0,0.0
C*07:16,4.9981428245e-6,0.0,0.0,0.0,0.0,0.0,0.0,0.0,0.0,1.2310037277e-6,0.0,0.0,0.0,0.0,0.0,0.0,0.0,0.0,0.0,0.0,0.0
C*02:21,0.0,0.0,0.0,0.0,0.0,0.0,0.0,0.0,0.0,0.0,0.0,0.0,0.0,0.0,0.0,0.0,0.0,0.0,0.0,0.0,0.0
C*16:13,0.0,0.0,0.0,0.0,0.0,0.0,0.0,0.0,0.0,0.0,0.0,0.0,0.0,0.0,0.0,0.0,0.0,0.0,0.0,0.0,0.0
C*07:33,2.4485068172e-6,0.0,0.0,0.0,0.0,0.0,0.0,0.0,0.0,7.805721912e-7,0.0,0.0,0.0,0.0,0.0,0.0,0.0,0.0,0.0,0.0,0.0
C*04:35,0.0,0.0,0.0,0.0,0.0,0.0,0.0,0.0,0.0,0.0,0.0,0.0,0.0,0.0,0.0,0.0,0.0,0.0,0.0,0.0,0.0
C*02:08,0.0,0.0,0.0000745455605943,0.0,0.0,0.0,0.0,0.0,0.0,1.2766136829e-6,0.0,0.0,0.0,0.0,0.0000200724697627,0.0,0.0,0.0000136010097187,0.0,0.0000516554921016,0.0
C*07:49,0.0,0.0,0.0,0.0,0.0,0.0,0.0,0.0,0.0,0.0,0.0,0.0,0.0,0.0,0.0,0.0,0.0,0.0,0.0,0.0,0.0
C*05:04,0.0,0.0,0.0,0.0,0.0,0.0,0.0,0.0000107852719582,0.0,0.0,0.0,0.0,0.0,0.0,0.0,4.5716600612e-6,0.0,0.0000239399743952,0.0,0.0,0.0
C*14:12,0.0,0.0,7.4707531917e-6,0.0,0.0,0.0,0.0,0.0,0.0,0.0,0.0,0.0,0.0,0.0,0.0,0.0,0.0,0.0,0.0,0.0,0.0
C*16:15,0.0,0.0,0.0,0.0,0.0,0.0,0.0,0.0,0.0,0.0,0.0,0.0,0.0,0.0,0.0,0.0,0.0,0.0,0.0,0.0,0.0
C*03:09,1.7523655868e-6,0.0,0.0,0.0,0.0,0.0,0.0000246061463476,0.0,0.0,5.8734212343e-6,0.0,0.0,0.0,0.0,0.0,0.0,0.0,0.0,0.0,0.0,0.0
C*07:71,0.0,0.0,0.0,0.0,0.0,0.0,0.0,0.0,0.0,1.3046986689e-6,0.0,0.0,0.0,0.0,0.0,0.0,0.0,0.0,0.0,0.0,0.0
C*12:20,0.0,0.0,0.0,0.0,0.0,0.0,0.0,0.0,0.0,0.0,0.0,0.0,0.0,0.0,0.0,0.0,0.0,0.0,0.0,0.0000274992768865,0.0
C*07:02,0.072631,0.068767,0.107946,0.144934,0.099643,0.151364,0.067361,0.076449,0.073076,0.141515,0.289893,0.12734,0.121882,0.082346,0.075175,0.136554,0.194508,0.121382,0.08214,0.129954,0.155289
C*14:02,0.016515,0.015446,0.033549,0.011158,0.009868,0.013497,0.018498,0.024594,0.02941,0.012659,0.013478,0.008489,0.078079,0.082301,0.023617,0.009548,0.040542,0.015442,0.016378,0.037318,0.022497
C*06:13,0.0,0.0,0.0,0.0,0.0,0.0,0.0,0.0,0.0,0.0,0.0,0.0,0.0,0.0,0.0,0.0,0.0,0.0,0.0,0.0,0.0
C*07:25,0.0,0.0,0.0,0.0,0.0,0.0,0.0,0.0,0.0,5.5114529515e-6,0.0,0.0,0.0,0.0,0.0,0.0,0.0,0.0,0.0,0.0,0.0
C*07:04,0.007224,0.008401,0.015465,0.010737,0.006127,0.01157,0.00514,0.009049,0.010769,0.015379,0.018918,0.007588,0.009404,0.009016,0.01112,0.004758,0.00639,0.005527,0.005007,0.021884,0.013989
C*06:06,9.4579653579e-6,0.0,0.0000111278042622,0.0,0.0,0.0000408437102972,0.0000274782858263,0.0,0.0,0.000025710923477,0.0,0.0,0.0,0.0000160956182781,0.0000513500535422,4.756403428e-6,0.0,8.95748488139999e-6,0.0,0.0,0.0
C*07:178,0.0,0.0000165960483653,0.0,0.0,0.0,0.0000324161991064,0.0,0.0,0.0,0.0,0.0,0.0,0.0,0.0,4.026938585e-6,0.0,0.0,0.0,0.0,0.0,0.0
C*07:112,3.9341680167e-6,0.0,0.0,0.0,0.0,0.0,0.0,0.0,0.0,0.0,0.0,0.0,0.0,0.0,0.0,0.0,0.0,0.0,0.0,0.0,0.0
C*12:24,0.0,0.0,0.000010507291438,0.0,0.0,0.0,0.0,0.0,0.0,5.176093996e-7,0.0,0.0,0.0,0.0,0.0,0.0,0.0,0.0,0.0,0.0,0.0
C*07:141,2.5538859337e-6,0.0000403873336373001,0.0,0.0,0.0,0.0,0.0,0.0,0.0,7.862725189e-7,0.0,0.0,0.0,0.0,0.0,0.0,0.0,0.0,0.0,0.0,0.0
C*03:63,0.0,0.0,0.0,0.0,0.0,0.0,0.0,0.0,0.0,0.0,0.0,0.0,0.0,0.0,0.0,0.0,0.0,0.0,0.0,0.0,0.0
C*05:11,7.7935864475e-6,0.0,0.0,0.0,0.0,0.0,0.0,0.0,0.0000474297272789,1.1717491402e-6,0.0,0.0,0.0,0.0,0.0,0.0,0.0,0.0,0.0,0.0,0.0
C*16:18,0.0,0.0,0.0,0.0,0.0,0.0,0.0,0.0,0.0,0.0,0.0,0.0,0.0,0.0,0.0,0.0,0.0,0.0,0.0,0.0,0.0
C*03:15,0.0,0.0,0.0,0.0,0.0,0.0,0.0,0.0,0.0,0.0,0.0,0.0,0.0,0.0,0.0,0.0,0.0,0.0,0.0,0.0,0.0
C*07:83,0.0,0.0,0.0,0.0,0.0,0.0,0.0,0.0,0.0,0.0,0.0,0.0,0.0,0.0,0.0,0.0,0.0,0.0,0.0,0.0,0.0
C*03:16,7.1665719311e-6,0.0,0.0,0.0,0.0,0.000205,0.0000264065953344,0.0,0.0,0.0000115865896951,0.0,0.0,0.0,0.0,0.0000297659927334,4.3640044682e-6,0.0,0.0000116630731752,0.0,0.0,0.0
C*05:27,0.0,0.0,0.0,0.0,0.0,0.0,0.0,0.0,0.0,9.716250789e-7,0.0,0.0,0.0,0.0,0.0,0.0,0.0,0.0,0.0,0.0,0.0
C*08:04,0.009819,0.009472,0.0000204251021767,0.000577,0.0,0.000199,0.010422,0.002185,0.003913,0.0000149901558972,0.000038179592859,0.000143,0.000121,0.0,0.0000953004221282,0.000541,0.0,0.000941,0.004742,0.0,0.0
C*03:34,0.0,0.0,0.0,0.0,0.0,0.0,0.0,0.0,0.0,0.0,0.0,0.000107,0.0,0.0,0.0,0.0,0.0,0.0,0.0,0.0,0.0
C*02:11,0.0,0.0,0.0,0.0,0.0,0.0,0.0,0.0,0.0,0.0,0.0,0.0,0.0,0.0,0.0,0.0,0.0,0.0,0.0,0.0,0.0
C*07:76,0.0,0.0,0.0,0.0,0.0,0.0,0.0,0.0,0.0,0.0,0.0,0.0,0.0,0.0,0.0000203142101995,0.0,0.0,0.0,0.0,0.0,0.0
C*07:40,0.0,0.0,0.0,0.0,0.0,0.0,0.0,0.0,0.0,4.2926314506e-6,0.0,0.0,0.0,0.0,0.0000142012042671,0.0,0.0,0.0,0.0,0.0,0.0
C*07:140,0.0,0.0,0.0,0.0,0.0,0.0,0.0,0.0,0.0,5.3160489142e-6,0.0,0.0,0.0,0.0,0.0,0.0,0.0,0.0,0.0,0.0,0.0
C*07:85,0.0,0.0,0.0,0.0,0.0,0.0,0.0000188397638464,0.0000155464629977,0.0,9.57294585200001e-7,0.0,0.0,0.0,0.0,0.0000141474635412,0.0,0.0,0.0,0.0,0.0,0.0
C*07:65,0.0,0.0,0.0,0.0,0.0,0.0,0.0,0.0,0.0,0.0,0.0,0.0,0.0,0.0,0.0,0.0,0.0,0.0,0.0,0.0,0.0
C*04:49,0.0,0.0,9.8679010481e-6,0.0,0.0,0.0,0.0,0.0,0.0,8.425000547e-7,0.0,0.0,0.0,0.0,0.0,0.0,0.0,0.0,0.0,0.0,0.0
C*06:26,0.0,0.0,0.0,0.0,0.0,0.0,0.0,0.0,0.0,0.0,0.0,0.0,0.0,0.0,0.0,0.0,0.0,0.0,0.0,0.0,0.0
C*04:46,0.0,0.0,0.0,0.0,0.0,0.0,0.0,0.0,0.0,0.0,0.0,0.0,0.0,0.0,0.0,6.5739292699e-6,0.0,0.0,0.0,0.0,0.0
C*07:165,3.122808763e-6,0.0,0.0,0.0,0.0,0.0,0.0,0.0,0.0,5.910039932e-7,0.0,0.0,0.0,0.0,4.584813095e-6,0.0,0.0,0.0,0.0,0.0,0.0
C*07:92,0.0,0.0,0.0,0.0,0.0,0.0,0.0,0.0,0.0,1.6696670238e-6,0.0,0.0,0.0,0.0,0.0,3.7191936421e-6,0.0,0.0,0.0,0.0,0.0
C*06:28,0.0,0.0,0.0,0.0,0.0,0.0,0.0,0.0,0.0,0.0,0.0,0.0,0.0,0.0,0.0,0.0,0.0,0.0,0.0,0.0,0.0
C*06:17,0.0,0.0000208866725233,7.3416978513e-6,0.0,0.0,0.0,0.0,0.0,0.0,9.543791923e-7,0.0,0.0,0.0,0.0,0.0,0.0,0.0,0.0,0.0,0.0,0.0
C*03:07,4.7982659549e-6,0.0,0.0,0.0,0.0,0.000108,0.0,0.0000123977385498,0.0,0.0000101678543235,0.0,0.0,0.0,0.0,0.0,0.0000631493471656,0.0000134664040655,0.0000767995114147,0.0,0.0,0.0
C*04:33,2.0524358933e-6,0.0,0.0,0.0,0.0,0.0,0.0,0.0,0.0,1.3710287438e-6,0.0,0.0,0.0,0.0,0.0,3.8676142388e-6,0.0,0.0,0.0,0.0,0.0
C*04:54,0.0,0.0,0.0,0.0,0.0,0.0,0.0,0.0,0.0,7.241160065e-7,0.0,0.0,0.0,0.0,0.000010157140481,0.0,0.0,0.0,0.0,0.0,0.0
C*07:37,0.0,0.0,0.0,0.0,0.0,0.0,0.0,0.0,0.0,0.0,0.0,0.0,0.0,0.0,0.0,0.0,0.0,0.0,0.0,0.0,0.0
C*07:173,0.0,0.0000213779881879,0.0,0.0,0.0,0.0000372427276319,0.0,0.0,0.0,0.0,0.0,0.0,0.0,0.0,4.8733812689e-6,0.0,0.0,0.0,0.0,0.0,0.0
C*06:47,0.0,0.00004075654312,0.0,0.0,0.0,0.0,0.0,0.0,0.0,0.0,0.0,0.0,0.0,0.0,0.0,0.0,0.0,0.0,0.0,0.0,0.0
C*08:42,0.0,0.0,0.0,0.0,0.0,0.0,0.0,0.0,0.0,0.0,0.0,0.0,0.0,0.0,0.0,0.0,0.0,0.0,0.0,0.0,0.0000192219238623
C*12:45,0.0,0.0,0.0,0.0,0.0,0.0,0.0,0.0,0.0,0.0,0.0,0.0,0.0,0.0,0.0,0.0,0.0,0.0,0.0,0.0,0.0
C*07:19,0.0000229968909639,0.0000801835838984999,0.0,0.0,0.0,0.0,0.0000552137788062,0.0,0.0,2.7279858558e-6,0.0,0.0,0.0,0.0,0.0,0.0,0.0,0.0,0.0,0.0,0.0
C*03:22,0.0,0.0,0.0,0.0,0.0,0.0,0.0,0.0,0.0,0.0,0.0,0.0,0.0,0.0,0.0,0.0,0.0,0.0,0.0,0.0,0.0
C*07:106,2.4495773119e-6,0.0,0.0,0.0,0.0,0.0,0.0,0.0,0.0,0.0,0.0000703787795662998,0.0,0.0,0.0,0.0,0.0,0.0,0.0,0.0,0.0,0.0
C*06:16,0.0,0.0,0.0,0.0,0.001369,0.0,0.0,0.0,0.0,1.6252436319e-6,0.0,0.0,0.0,0.0,0.0,0.0,0.0,0.0,0.0,0.0,0.0
C*07:94,0.0,0.0,0.0,0.0,0.0,0.0,0.0,0.0,0.0,0.0,0.0,0.0,0.0,0.0,0.0,0.0,0.0,0.0,0.0,0.0,0.0
C*02:18,0.0,0.0000359278385769,0.0,0.0,0.0,0.0,0.0,0.0,0.0,0.0,0.0,0.0,0.0,0.0,0.0,0.0,0.0,0.0,0.0,0.0,0.0
C*01:51,0.0,0.0,0.0,0.0,0.0,0.0,0.0,0.0,0.0,1.2459729692e-6,0.0,0.0,0.0,0.0,0.0,0.0,0.0,0.0,0.0,0.0,0.0
C*06:32,0.0,0.0000372771873935998,6.7152286238e-6,0.0,0.0,0.0,0.0,0.0,0.0,0.0,0.0,0.0,0.0,0.0,0.0,0.0,0.0,0.0,0.0,0.0,0.0
C*14:04,2.6953700143e-6,0.0,8.58592247730001e-6,0.0,0.0,0.0,0.0,0.0,0.0,0.0000193166187009,0.0000206810248299,0.0,0.0,0.0,0.0000191856361371,0.0,0.0,0.0000121932763869,0.0,0.0,0.0
C*17:04,8.4297924639e-6,0.0,0.0,0.0,0.0,0.0,0.0,0.0,0.0,0.0,0.0,0.0,0.0,0.0,0.0,0.0,0.0,0.0,0.0,0.0,0.0
C*03:68,0.0,0.0,0.0,0.0,0.0,0.0,0.0,0.0,0.0,0.0,0.0,0.0,0.0,0.0,0.0,0.0,0.0,0.0,0.0,0.0,0.0
C*03:70,0.0,0.0,0.0,0.0,0.0,0.0,0.0,0.0,0.0,0.0,0.0,0.0,0.0,0.0,0.0,0.0,0.0,0.0,0.0,0.0,0.0
C*04:39,0.0,0.0,0.0,0.0,0.0,0.0,0.0,0.0,0.0,0.0,0.0,0.0,0.0,0.0,0.0,0.0,0.0,0.0,0.0,0.0,0.0
C*02:06,5.3771176382e-6,0.0,0.0,0.000297,0.0,0.000124,0.0,0.0,0.0,0.0000139700055676,0.0,0.0,0.0,0.0,9.5928659964e-6,0.0,0.0,0.0,0.0,0.0,0.0
C*07:104,1.8563144078e-6,0.0,0.0,0.0,0.0,0.0,0.0,0.0,0.0,7.845496483e-7,0.0000116605817156,0.0,0.0,0.0,0.0,0.0,0.0,0.0,0.0,0.0,0.0
C*02:24,0.0,0.0,0.0,0.0,0.0,0.0,0.0,0.0,0.0,0.0,0.0,0.0,0.0,0.0,0.0,0.0,0.0,0.0,0.0,0.0,0.0
C*05:24,0.0,0.0,0.0,0.0,0.0,0.0,0.0,0.0,0.0,0.0,0.0,0.0,0.0,0.0,0.0,0.0,0.0,0.0,0.0,0.0,0.0
C*05:19,0.0,0.0,0.0,0.0,0.0,0.0,0.0,0.0,0.0,0.0,0.0,0.0,0.0,0.0,0.0,0.0,0.0,0.0,0.0,0.0,0.0
C*07:46,0.0,0.0,0.0,0.0,0.0,0.0,0.0,0.0,0.0,2.8052958166e-6,0.0,0.0,0.0,0.0,0.0,0.0,0.0,0.0,0.0,0.0,0.0
C*07:32,0.0,0.0,0.0,0.0,0.0,0.0,0.0,0.0,0.0,2.0974208871e-6,0.0,0.0,0.0,0.0,0.0,0.0,0.0,0.0,0.0,0.0,0.0
C*16:11,0.0,0.0,0.0,0.0,0.0,0.0,0.0,0.0,0.0,0.0,0.0,0.0,0.0,0.0,0.0,0.0,0.0,0.0,0.0,0.0,0.0
C*02:23,0.0,0.0,0.0,0.0,0.0,0.0,0.0,0.0,0.0,0.0,0.0,0.0,0.0,0.0,0.0,0.0,0.0,0.0,0.0,0.0,0.0
C*12:18,0.0,0.0,0.0000188702291974,0.0,0.0,0.0,0.0,0.0,0.0,0.0,0.0,0.0,0.0,0.0,0.0,0.0,0.0,0.0,0.0,0.0000475440769656,0.0
C*03:26,0.0,0.0,0.0,0.0,0.0,0.0,0.0,0.0,0.0,0.0,0.0,0.0,0.0,0.0,0.0,0.0,0.0,0.0,0.0,0.0,0.0
C*08:01,0.001054,0.001181,0.028331,0.013822,0.027721,0.022187,0.001469,0.002074,0.003421,0.000417,0.100099,0.093074,0.068085,0.073821,0.001124,0.036216,0.104331,0.014921,0.00129,0.049986,0.164424
C*01:23,0.0,0.0,0.0,0.0,0.0,0.0,0.0000319950696819,0.0,0.0,0.0,0.0,0.0,0.0,0.0,0.0,0.0,0.0,0.0,0.0,0.0,0.0
C*06:07,4.8992049434e-6,0.0000157170130863,5.545780387e-6,0.0,0.0,0.0,0.0,0.0,0.0,5.749407586e-6,0.0,0.0,0.0,0.0,0.0000177750189925,4.950481973e-6,0.0,0.0,0.0,0.0,0.0
C*03:23,0.0,0.0,0.0,0.0,0.0,0.0,0.0,0.0,0.0,9.955592868e-7,0.0000201812161269,0.0,0.0,0.0,0.0,0.0,0.0,0.0,0.0,0.0,0.0
C*15:12,0.0,0.0,0.0,0.0,0.0,0.0,0.0,0.0,0.0,0.0,0.0,0.0,0.0,0.0,0.0,0.0,0.0000270466692534,0.0,0.0,0.0,0.0
C*14:15,0.0,0.0,0.0,0.0,0.0,0.0,0.0,0.0,0.0,0.0,0.0,0.0,0.0,0.0,0.0,0.0,0.0,0.0,0.0,0.0,0.0
C*15:02,0.005358,0.00449,0.107712,0.035932,0.023814,0.043436,0.006337,0.037546,0.039635,0.022345,0.068098,0.058047,0.019554,0.019349,0.037198,0.035516,0.025643,0.039268,0.010451,0.082912,0.01857
C*15:09,3.5020840129e-6,0.0,9.27304688359996e-6,0.000414,0.0,0.000232,0.0000288422581944,0.0000761756309465,0.0,0.0000131251140064,0.0,0.0,0.0,0.0,0.0000402210745465,0.003688,0.0,0.001932,0.001085,0.0,0.0000509110333205999
C*03:04,0.056517,0.048588,0.016156,0.081504,0.206423,0.101415,0.049614,0.045221,0.045036,0.074918,0.064582,0.117338,0.127077,0.101258,0.028444,0.072584,0.116492,0.06016,0.054402,0.043974,0.07199
C*12:26,0.0,0.0,0.0,0.0,0.0,0.0,0.0,0.0,0.0,0.0,0.0,0.0,0.0,0.0,0.0,0.0,0.0,0.0,0.0,0.0,0.0
C*01:03,0.0,0.0,0.0000337476592487,0.0,0.0,0.0,0.0,0.0,0.0,6.1131145497e-6,0.000288,0.000156,0.001216,0.002222,0.0000261667551738,0.0,0.001413,0.0,0.0,0.000279,0.000687
C*07:58,2.8325503156e-6,0.0,0.0,0.0,0.0,0.0,0.0,0.0,0.0,6.824773072e-7,0.0,0.0,0.0,0.0,8.0107531398e-6,0.0,0.0,0.0,0.0,0.0,0.0
C*07:73,0.0,0.0,0.0,0.0,0.0,0.0,0.0,0.0,0.0,0.0,0.0,0.0,0.0,0.0,0.0,0.0,0.0,0.0,0.0,0.0,0.0
C*08:06,0.0,0.0,0.0,0.0,0.022144,0.0000632374415394,0.0,0.0,0.0,4.0770121848e-6,0.0,0.0,0.0,0.0000206564849867,0.0,0.0,0.0000187951237339,0.0,0.0,0.0,0.0
C*07:23,0.0,0.0,0.0,0.0,0.0,0.0000240179146266,0.0,0.0,0.0,0.0,0.0,0.0,0.0,0.0,0.0,0.0,0.0,0.0,0.0,0.0,0.0
C*12:16,0.0,0.0,0.0,0.0,0.0,0.0,0.0,0.0,0.0,2.3221320731e-6,0.0,0.0,0.0,0.0,0.0,0.0,0.0,0.0,0.0,0.0,0.0
C*05:13,0.0,0.0,0.0,0.0,0.0,0.0,0.0,0.0,0.0,1.2934376852e-6,0.0,0.0,0.0,0.0,0.0,0.0,0.0,0.0,0.0,0.0,0.0
C*05:14,0.0,0.0,0.0,0.0,0.0,0.0,0.0,0.0,0.0,7.291387535e-7,0.0,0.0,0.0,0.0,0.0,0.0,0.0,0.0,0.0,0.0,0.0
C*04:24,0.0,0.0,5.5733490441e-6,0.0,0.0,0.0,0.0,0.0,0.0,2.093695056e-6,0.0,0.0,0.0,0.0,0.0,0.0,0.0,0.0,0.0,0.0,0.0
C*04:59,0.0,0.0,0.0,0.0,0.0,0.0,0.0,0.0,0.0,0.0,0.0,0.0,0.0,0.0,0.0,0.0,0.0,0.0,0.0,0.0,0.0
C*04:12,0.0,0.0,0.0,0.0,0.0,0.0,0.0,0.0,0.0,1.6761990074e-6,0.0,0.0,0.0,0.0,0.0,0.0,0.0,0.0,0.0,0.0,0.0
C*08:35,0.0,0.0,0.0,0.0,0.0,0.0,0.0,0.0,0.0,0.0,0.0,0.0,0.0,0.0,0.0,0.0,0.0,7.971868988e-6,0.0,0.0,0.0
C*07:31,0.0,0.0,0.0,0.0,0.0,0.0,0.0000186760729566,0.0,0.0,0.0,0.0,0.0,0.0,0.0,0.0,0.0,0.0,0.0,0.0,0.0,0.0
C*03:32,0.0,0.0,0.0,0.0,0.0,0.0,0.0,0.0,0.0,0.0,0.0,0.0,0.0,0.0,0.0,0.0,0.0,0.0,0.0,0.0,0.0
C*01:16,5.2490671309e-6,0.0,6.7155407489e-6,0.0,0.0,0.0,0.0,0.0,0.0,0.0,0.0000234843605682,0.0,0.0,0.0,0.0,0.0,0.0,0.0,0.0,0.0,0.0
C*05:34,0.0,0.0,0.0,0.0,0.0,0.0,0.0,0.0,0.0,0.0,0.0,0.0,0.0,0.0,0.0,0.0,0.0,0.0,0.0,0.0,0.0
C*06:19,0.0,0.0,0.0,0.0,0.0,0.0,0.0,0.0,0.0,0.0,0.0,0.0,0.0,0.0,0.0,0.0,0.0,0.0,0.0,0.0,0.0
C*15:19,0.0,0.0,0.0,0.0,0.0,0.0,0.0,0.0,0.0,0.0,0.0,0.0,0.0,0.0,0.0,7.1164871974e-6,0.0,0.0,0.0,0.0,0.0
C*08:30,0.0,0.0,0.0,0.0,0.0,0.0,0.0,0.0,0.0,1.0271162356e-6,0.0,0.0,0.0,0.0,0.0,0.0,0.0,0.0,0.0,0.0,0.0
C*03:49,0.0,0.0,0.0,0.0,0.0,0.0,0.0,0.0,0.0,0.0,0.0,0.0,0.0,0.0000338669320389,0.0,0.0,0.0,0.0,0.0,0.0,0.0
C*01:32,0.0,0.0,0.0,0.0,0.0,0.0,0.0,0.0,0.0,0.0,0.0,0.0,0.0,0.0,3.667861053e-6,0.0,0.0,0.0,0.0,0.0,0.0
C*07:184,0.0,0.0,0.0,0.0,0.0,0.0,0.0,0.0,0.0,0.0,0.0,0.0,0.0,0.0,0.0,0.0,0.0,0.0,0.0,0.0,0.0
C*07:175,0.0,0.0000286071373618001,0.0,0.0,0.0,0.0000345856845725,0.0,0.0,0.0,0.0,0.0,0.0,0.0,0.0,7.8515596153e-6,0.0,0.0,0.0,0.0,0.0,0.0
C*14:14,0.0,0.0,0.0,0.0,0.0,0.0,0.0,0.0,0.0,0.0,0.0,0.0,0.0,0.0,0.0,0.0,0.0,0.0,0.0,0.0,0.0
C*02:03,4.89703746629999e-6,0.0000274804925093,0.0,0.0,0.0,0.0,0.0,0.0,0.0,1.9493004811e-6,0.0,0.0,0.0,0.0,0.0,0.0,0.0,0.0,0.0,0.0,0.0
C*07:72,0.0,0.0,0.0,0.0,0.0,0.0,0.0,0.0,0.0,1.6654759509e-6,0.0,0.0,0.0,0.0,0.0000130188782478,0.0,0.0,0.0,0.0,0.0,0.0
C*01:12,0.0,0.0,0.0,0.0,0.0,0.0,0.0,0.0,0.0,1.3925236817e-6,0.0,0.0,0.0,0.0,0.0,0.0,0.0,0.0,0.0,0.0,0.0
C*14:16,0.0,0.0,0.0,0.0,0.0,0.0,0.0,0.0,0.0,0.0,0.0,0.0,0.0,0.0,0.0,0.0,0.0,0.0,0.0,0.0,0.0
C*05:22,0.0,0.0,0.0,0.0,0.0,0.0,0.0,0.0,0.0,2.2045425259e-6,0.0,0.0,0.0,0.0,0.0,0.0,0.0,0.0,0.0,0.0,0.0
C*07:108,1.6908855305e-6,0.0,0.0,0.0,0.0,0.0,0.0,0.0,0.0,0.0,0.0000111727825019,0.0,0.0,0.0,0.0,0.0,0.0,0.0,0.0,0.0,0.0
C*15:03,0.0,0.0,0.0,0.0,0.0,0.0,0.0,0.0,0.0,8.430086312e-7,0.0,0.0,0.0,0.0,0.0,0.0,0.0,0.0000161086516952,0.0,0.0,0.0
C*12:04,2.4244823253e-6,0.0,0.0027,0.000146,0.0,0.000108,0.0000751901942615,0.0000227034116888,0.000409,4.7963774719e-6,0.019242,0.010046,0.0000692594766992,0.0000565494076253999,0.0,0.0000571213224336,0.0000411471676813,0.0000414872935281,0.0,0.001252,0.0000176907585208
C*06:09,0.0000506960547783,0.0,0.0,0.0,0.0,0.0000532408370487,0.0,0.0,0.0,0.0,0.0,0.0,0.0,0.0,0.0,0.000014856202926,0.0,7.0359581512e-6,0.0,0.000119,0.0
C*04:45,0.0,0.0,0.0,0.0,0.0,0.0,0.0,0.0,0.0,0.0,0.0,0.0,0.0,0.0,0.0,0.0,0.0,0.0,0.0,0.0,0.0
C*06:03,0.0,0.0,0.0,0.0,0.0,0.0,0.0,0.0,0.0,1.9277950202e-6,0.0,0.0,0.0,0.0,0.0,0.0,0.0,0.0,0.0,0.0,0.0
C*07:24,0.0,0.0,0.0,0.0,0.0,0.0,0.0,0.0,0.0,3.6106235455e-6,0.0,0.0,0.0,0.0,0.0,0.0,0.0,0.0,0.0,0.0,0.0
C*03:39,0.0,0.0,0.0,0.0,0.0,0.0,0.0,0.0,0.0,0.0,0.0,0.0,0.0,0.0,0.0,0.0,0.0000204149405113999,0.0,0.0,0.0,0.0
C*07:51,0.0,0.0,6.9688511875e-6,0.0,0.0,0.0,0.0,0.0,0.0,1.1395328187e-6,0.0,0.0,0.0,0.0,0.0,0.0,0.0,0.0,0.0,0.0,0.0
C*04:16,0.0,0.0,0.0,0.0,0.0,0.0,0.0,0.0,0.0,1.5293622969e-6,0.0,0.0,0.0,0.0,0.0,0.0,0.0,0.0,0.0,0.0,0.0
C*04:37,0.0,0.0,0.0,0.0,0.0,0.0,0.0,0.0,0.0,8.449445799e-7,0.0,0.0,0.0,0.0,0.0,0.0,0.0,0.0,0.0,0.0,0.0
C*02:26,0.0,0.0,0.0,0.0,0.0,0.0,0.0,0.0,0.0,1.1831054107e-6,0.0,0.0,0.0,0.0,0.0,0.0,0.0,0.0,0.0,0.0,0.0
C*03:02,0.018377,0.017677,0.041926,0.006112,0.004651,0.002182,0.020032,0.006517,0.014119,0.002189,0.040201,0.013544,0.007574,0.062829,0.007966,0.003718,0.087409,0.004935,0.016108,0.047298,0.07192
C*12:44,0.0,0.0,0.0,0.0,0.0,0.0,0.0,0.0,0.0,0.0,0.0,0.0,0.0000716601682582,0.0,0.0,0.0,0.0,0.0,0.0,0.0,0.0
C*03:66,0.0,0.0,0.0,0.0,0.0,0.0,0.0,0.0,0.0,0.0,0.0,0.0,0.0,0.0,0.0,0.0,0.0,0.0,0.0,0.0,0.0
C*15:07,6.7460083026e-6,0.0,0.000167,0.0,0.0,0.0,0.0,0.0,0.0,3.4764397113e-6,0.000019363761909,0.0,0.0,0.0,0.0,4.89143852519999e-6,0.0,0.0000128331192408,0.0,0.0000566534350277,0.0
C*05:06,0.0,0.0,0.0,0.0,0.0,0.0,0.0,0.0000176740271771,0.0,1.8535888266e-6,0.0,0.0,0.0,0.0,0.0,0.0,0.0,0.0,0.0,0.0,0.0
C*06:38,0.0,0.0,0.0,0.0,0.0,0.0000766390262840999,0.0,0.0,0.0,0.0,0.0,0.0,0.0,0.0,0.0,0.0,0.0,0.0,0.0,0.0,0.0
C*16:35,2.6989790125e-6,0.0,0.0,0.0,0.0,0.0,0.0,0.0,0.0,0.0,0.0,0.0,0.0,0.0,0.0,0.0,0.0,0.0,0.0,0.0,0.0
C*03:53,0.0,0.0,0.0,0.0,0.0,0.0,0.0,0.0,0.0,7.826352948e-7,0.0,0.0,0.0,0.0,0.0,0.0,0.0,0.0,0.0,0.0,0.0
C*08:08,0.0,0.0,0.0,0.0,0.0,0.0,0.0,0.0,0.0,0.0,0.0,0.0,0.0,0.0,0.0,5.0589740106e-6,0.0,9.9515354786e-6,0.0,0.0,0.0
C*17:01,0.06806,0.071591,0.003866,0.011851,0.001629,0.008341,0.067906,0.02989,0.029248,0.008784,0.001368,0.008416,0.000638,0.000197,0.033749,0.014412,0.000488,0.020043,0.050574,0.004254,0.00071
C*07:80,0.0,0.0,0.0,0.0,0.0,0.0,0.0,0.0,0.0,0.0,0.0,0.0,0.0,0.0,0.0,0.0,0.0,0.0,0.0,0.0,0.0
C*07:08,0.0,0.0,0.0,0.0,0.0,0.0,0.0,0.0,0.0,0.0,0.0,0.0,0.0,0.0,0.0,0.0,0.0,0.0,0.0,0.0,0.0
C*03:64,0.0,0.0,0.0,0.0,0.0,0.0,0.0,0.0,0.0,0.0,0.0,0.0,0.0,0.0,0.0,0.0,0.0,0.0,0.0,0.0,0.0
C*07:137,0.0,0.0,0.0,0.0,0.0,0.0,0.0,0.0,0.0,0.0,0.0,0.0,0.0,0.0,0.0,5.2093389453e-6,0.0,0.0,0.0,0.0,0.0
C*07:172,0.0,0.0000367909603387,0.0,0.0,0.0,0.0000552169882623,0.0,0.0,0.0,0.0,0.0,0.0,0.0,0.0,4.3090822771e-6,0.0,0.0,0.0,0.0,0.0,0.0
C*04:14,8.0657050315e-6,0.0,0.0,0.0,0.0,0.0,0.0,0.0,0.0,0.0,0.0,0.0,0.0,0.0,0.0,0.0,0.0,0.0,0.0,0.0,0.0
C*12:25,0.0,0.0,0.0,0.0,0.0,0.0,0.0,0.0,0.0,0.0,0.0,0.0,0.0,0.0,0.0,0.0,0.0,0.0,0.0,0.0,0.0
C*04:43,0.0,0.0,0.0,0.0,0.0,0.0,0.0,0.0,0.0,0.0,0.0,0.0,0.0,0.0,0.0,0.0,0.0,0.0,0.0,0.0,0.0
C*07:99,0.0,0.0,0.0,0.0,0.0,0.0,0.0,0.0,0.0,0.0,0.0,0.0,0.0,0.0,0.0,3.8764071198e-6,0.0,0.0,0.0,0.0,0.0
C*12:27,0.0,0.0,0.0,0.0,0.0,0.0,0.0,0.0,0.0,0.0,0.0,0.0,0.0,0.0,0.0,0.0,0.0,0.0,0.0,0.0,0.0
C*03:30,0.0,0.0,0.0,0.0,0.0,0.0,0.0,0.0,0.0,1.1129597903e-6,0.0,0.0,0.0,0.0,0.0,0.0,0.0,0.0,0.0,0.0,0.0
C*12:06,0.0,0.0,0.0,0.0,0.0,0.0,0.0,0.0,0.0,1.3723346985e-6,0.0,0.0,0.0,0.0,0.0,0.0,0.0,0.0,0.0,0.0,0.0
C*02:14,0.000098265076018,0.00022,0.0,0.0,0.0,0.0,0.000088719287468,0.0,0.0,0.0,0.0,0.0,0.0,0.0,0.0000110595634798,0.0,0.0,0.0000188768469715,0.0,0.0,0.0
C*04:63,0.0,0.0,0.0,0.0,0.0,0.0,0.0,0.0,0.0,2.1560171395e-6,0.0,0.0,0.0,0.0,0.0,0.0,0.0,0.0,0.0,0.0,0.0
C*12:08,0.0,0.0,0.0,0.0,0.0,0.0,0.0,0.0,0.0,0.0,0.0,0.0,0.0,0.0,0.0,0.0,0.0,0.0,0.0,0.0,0.0
C*03:43,0.0,0.0,0.0,0.0,0.0,0.0,0.0,0.0,0.0,0.0,0.0,0.0,0.0,0.0000400438083704,0.0,0.0,0.0,0.0,0.0,0.0,0.0
C*16:21,2.9355838911e-6,0.0,0.0,0.0,0.0,0.0,0.0,0.0,0.0,0.0,0.0,0.0,0.0,0.0,0.0,0.0,0.0,0.0,0.0,0.0,0.0
C*07:151,0.0,0.0,0.0,0.0,0.0,0.0,0.0,0.0,0.0,0.0,0.0,0.0,0.0,0.0,0.0,0.0,0.0,0.0,0.0,0.0,0.0
C*08:03,0.0000710965350199,0.0,0.001849,0.004407,0.011764,0.004429,0.000137,0.000596,0.000541,0.000412,0.000168,0.000238,0.013028,0.006574,0.00033,0.001614,0.003994,0.003263,0.0,0.002218,0.001905
C*01:10,0.0,0.0,0.0,0.000243,0.0,0.0,0.0,0.0000187717745416,0.0,0.0,0.0,0.0,0.0,0.0,0.0,0.0000111091946004,0.0,0.0000772761690361999,0.0,0.0,0.0
C*07:87,0.0,0.0,0.0,0.0,0.0,0.0,0.0,0.0,0.0,0.0,0.0,0.0,0.0,0.0,0.0,0.0,0.0,0.0,0.0,0.0,0.0
C*03:11,1.9657618624e-6,0.0,0.0,0.0,0.0,0.0,0.0,0.0,0.0,3.3083570662e-6,0.0,0.0,0.0,0.0,0.0,0.0,0.0,0.0,0.0,0.0,0.0
C*05:42,0.0,0.0,0.0,0.0,0.0,0.0,0.0,0.0,0.0,0.0,0.0,0.0,0.0,0.0,0.000011003583218,0.0,0.0,0.0,0.0,0.0,0.0
C*04:01,0.203624,0.207306,0.136382,0.13448,0.110738,0.131105,0.22778,0.14885,0.151887,0.105959,0.171578,0.155849,0.040428,0.055527,0.168889,0.171045,0.043436,0.175612,0.199607,0.114747,0.038297
C*08:15,0.0,0.0,0.0,0.0,0.0,0.0,0.0,0.0,0.0,9.997450697e-7,0.0,0.0,0.0,0.0,6.6303637182e-6,0.0,0.0,0.0,0.0,0.0,0.0
C*07:13,0.0,0.0,0.0,0.0,0.0,0.0,0.0,0.0,0.0,1.5804575961e-6,0.0,0.0,0.0,0.0,0.0,0.0,0.0,0.0,0.0,0.0,0.0
C*04:56,0.0,0.0,0.0,0.0,0.0,0.0,0.0,0.0,0.0,0.0,0.0,0.0,0.0,0.0,0.0,0.0,0.0,0.0,0.0,0.0,0.0
C*02:20,0.0,0.0,0.0,0.0,0.0,0.0,0.0,0.0,0.0,0.0,0.0,0.0,0.0,0.0,0.0,3.850424738e-6,0.0,0.0,0.0,0.0,0.0
C*07:101,1.3355308796e-6,0.0,0.0,0.0,0.0,0.0,0.0,0.0,0.0,0.0,9.5920676814e-6,0.0,0.0,0.0,0.0,0.0,0.0,0.0,0.0,0.0,0.0
C*03:17,0.0,0.0,0.0,0.0,0.0,0.0,0.0,0.0,0.0,0.0,0.0000250279148683,0.0,0.0,0.0,0.0,3.8712766429e-6,0.000119,0.0,0.0,0.000040550598297,0.0000914867340264
C*07:177,0.0,0.0000248445106007,0.0,0.0,0.0,0.000030965062282,0.0,0.0,0.0,0.0,0.0,0.0,0.0,0.0,7.3813209875e-6,0.0,0.0,0.0,0.0,0.0,0.0
C*16:19,0.0,0.0,0.0000233886491746,0.0,0.0,0.0,0.0,0.0,0.0,0.0,0.0,0.0,0.0,0.0,0.0,0.0,0.0,0.0,0.0,0.0,0.0
C*03:51,0.0,0.0,0.0,0.0,0.0,0.0,0.0,0.0,0.0,0.0,0.0,0.0,0.0,0.0,0.0,0.0,0.0,0.0,0.0,0.0,0.0
C*05:08,0.0,0.0,0.0,0.0,0.0,0.000041208554569,0.0,0.0,0.0,9.4035806682e-6,0.0,0.0,0.0,0.0000314372512649,0.0,0.0,0.0,0.0,0.0,0.0,0.0
C*03:37,0.0,0.0,0.0,0.0,0.0,0.0,0.0,0.0,0.0,0.0,0.0000313374814396,0.0,0.0,0.0,0.0,0.0,0.0,0.0,0.0,0.0,0.0
C*15:17,0.0,0.0,0.0,0.000202,0.0,0.0,0.0,0.0,0.0,7.195506908e-7,0.0,0.0,0.0,0.0,0.000016097722757,0.0,0.0,5.3013509962e-6,0.0,0.0,0.0
C*07:60,0.0,0.0,0.0,0.0,0.0,0.0,0.0,0.0,0.0,1.2637757945e-6,0.0,0.0,0.0,0.0,0.0,0.0,0.0,0.0,0.0,0.0,0.0
C*04:77,0.0,0.0,0.0,0.0,0.0,0.0,0.0,0.0,0.0,6.056272785e-7,0.0,0.0,0.0,0.0,0.0,0.0,0.0,0.0,0.0,0.0,0.0
C*16:07,0.0,0.0,0.0,0.0,0.0,0.0,0.0,0.0,0.0,1.0379013626e-6,0.0,0.0,0.0,0.0,0.0,0.0,0.0,0.0,0.0,0.0,0.0
C*06:11,0.0,0.0,0.0,0.0,0.0,0.0,0.0,0.0,0.0,1.5136041719e-6,0.0,0.0,0.0,0.0,0.0,0.0,0.0,0.0,0.0,0.0,0.0
C*12:13,3.7607441276e-6,0.0,0.0,0.0,0.0,0.0,0.0,0.0,0.0,6.9749244799e-6,0.0,0.0,0.0,0.0,0.0,4.2208232143e-6,0.0,0.0,0.0,0.0,0.0
C*08:05,3.0246230609e-6,0.0,0.0,0.0,0.0,0.0,0.0,0.0,0.0,4.0174768554e-6,0.0,0.0,0.0,0.0,0.0,8.794927337e-6,0.0,0.0,0.0,0.0,0.0
C*12:11,0.0,0.0,0.0,0.0,0.0,0.0,0.0,0.0,0.0,0.0,0.0,0.0,0.0,0.0,0.0,0.0,0.0,0.0,0.0,0.0,0.0
C*08:28,0.0,0.0,0.0,0.0,0.0,0.0,0.0,0.0,0.0,0.0,0.0,0.0,0.0,0.0,0.0,0.0,0.0,0.0,0.0,0.0,0.0
C*01:27,0.0,0.0,0.0,0.0,0.0,0.0,0.0,0.0,0.0,2.4995429149e-6,0.0,0.0,0.0,0.0,0.0,0.0,0.0,0.0,0.0,0.0,0.0
C*06:52,0.0,0.0,0.0,0.0,0.0,0.0,0.0,0.0,0.0,0.0,0.0,0.0,0.0,0.0,0.0,0.0,0.0,0.0,0.0,0.0,0.0
C*07:55,0.0,0.0,0.0,0.0,0.0,0.0,0.0,0.0,0.0,0.0,0.0,0.0,0.0,0.0,0.0,0.0,0.0,0.0,0.0,0.0,0.0
C*07:35,0.0000455566724538,0.0000520048984409,0.0,0.0,0.0,0.0,0.000297,0.0,0.0,0.0,0.0,0.0,0.0,0.0,0.0,0.0,0.0,0.0000214618434543,0.000512,0.0,0.0
C*03:94,0.0,0.0,0.0,0.0,0.0,0.0,0.0,0.0,0.0,0.0,0.00002519214578,0.0,0.0,0.0,0.0,0.0,0.0,0.0,0.0,0.0,0.0000216717858749
C*07:10,1.5494186409e-6,0.0,0.0,0.0,0.0,0.0,0.0,0.0,0.0,0.0000111514545448,0.0000168486853595,0.0,0.0,0.0,0.0,0.0,0.0,0.0,0.0,0.0,0.0
C*05:05,4.583265456e-6,0.0,0.0,0.0,0.0,0.0,0.0,0.0,0.0,0.0000167208259164,0.0,0.0,0.0,0.0,0.0,0.0,0.0,0.0,0.0,0.0,0.0
C*04:07,0.000567,0.001348,0.0,0.0,0.0,0.0,0.000653,0.0000739184111576,0.0,0.0000106208429913,0.0,0.0,0.0000712518289178,0.0,0.0000761725566561999,0.0000179626577744,0.0,0.0000553018844194,0.000722,0.0,0.0
C*01:09,0.0,0.0,0.0,0.0,0.0,0.0,0.0,0.0,0.0,0.0,0.0,0.0,0.0,0.0,0.0,0.0,0.0,0.0,0.0,0.0,0.0
C*04:18,0.0,0.0,0.0,0.0,0.0,0.0,0.0,0.0,0.0,0.0,0.0,0.0,0.0,0.0,0.0,0.0,0.0,0.0,0.0,0.0,0.0
C*05:38,0.0,0.0,0.0,0.0,0.0,0.0,0.0,0.0,0.0,7.566858255e-7,0.0,0.0,0.0,0.0,0.0,0.0,0.0,0.0,0.0,0.0,0.0
C*04:34,3.9921944156e-6,0.0,0.0,0.0,0.0,0.0,0.0,0.0,0.0,0.0,0.0,0.0,0.0,0.0,0.0,0.0,0.0,0.0,0.0,0.0,0.0
C*08:13,8.5722272398e-6,0.0,0.0,0.0,0.0,0.0,0.0000390096780642,0.0,0.0,0.0,0.0,0.0,0.0,0.0,0.0,0.0000230311493429,0.0,0.0,0.0,0.0,0.0
C*07:54,0.0,0.0,0.0,0.0,0.0,0.0,0.0,0.0,0.0,0.0,0.0,0.0,0.0,0.0,0.0,0.0,0.0,0.0,0.0,0.0,0.0
C*07:01,0.115869,0.130284,0.10382,0.119356,0.098382,0.11669,0.115214,0.141589,0.140238,0.159772,0.023509,0.044257,0.007082,0.035294,0.146403,0.09169,0.010001,0.101997,0.114322,0.085795,0.032056
C*16:14,0.0,0.0,0.0,0.0,0.0,0.0,0.0,0.0,0.0,0.0,0.0,0.0,0.0,0.0,0.0,0.0,0.0,0.0,0.0,0.0,0.0
C*06:12,0.0,0.0,0.0,0.0,0.0,0.0,0.0,0.0,0.0,0.0,0.0,0.0,0.0,0.000017795602088,0.0,0.0,0.0,0.0,0.0,0.0,0.0
C*04:48,0.0,0.0,0.0,0.0,0.0,0.0,0.0,0.0,0.0,0.0,0.0,0.0,0.0,0.0,0.0,0.0,0.0,0.0,0.0,0.0,0.0
C*07:22,2.9766129645e-6,0.0,0.0,0.0,0.0,0.0,0.0,0.0,0.0,3.6210216996e-6,0.0,0.0,0.0,0.0,0.0,0.0,0.0,0.0,0.0,0.0,0.0
C*03:71,0.0,0.0,0.0,0.0,0.0,0.0,0.0,0.0,0.0,0.0,0.0,0.0,0.0,0.0,0.0,0.0,0.0,0.0,0.0,0.0,0.0
C*15:10,0.0,0.0,0.0000163022046089,0.0,0.0,0.0,0.0,0.0,0.0,0.0,0.0,0.0,0.0,0.0,0.0,0.0,0.0,0.0,0.0,0.0,0.0
C*04:53,0.0,0.0,0.0,0.0,0.0,0.0,0.0,0.0,0.0,0.0,0.0,0.0,0.0,0.0,0.0,0.0,0.0,0.0,0.0,0.0,0.0
C*03:35,0.0,0.0,0.0,0.0,0.0,0.0,0.0,0.0,0.0,1.6405109255e-6,0.0,0.0,0.0,0.0,0.0,0.0,0.0,0.0,0.0,0.0,0.0
C*07:27,9.4082283995e-6,0.0,0.0000240360175775,0.0,0.0,0.0,0.0000366377045101,0.0000240367065385,0.0,8.23815942109999e-6,0.000915,0.0000979496911748,0.000145,0.0000492814969498,0.000038653493102,0.0000100956973449,0.0000261198625391,0.0000319441580437,0.0,0.0000422698746556,0.000016312722911
C*07:30,0.0,0.0,0.0,0.0,0.0,0.0,0.0,0.0,0.0,9.419659358e-7,0.0,0.0,0.0,0.0,6.3717324936e-6,0.0,0.0,0.0,0.0,0.0,0.0
C*05:39,0.0,0.0000388596058549999,0.0,0.0,0.0,0.0,0.0,0.0,0.0,1.3147378948e-6,0.0,0.0,0.0,0.0,7.0938718927e-6,0.0,0.0,0.0,0.0,0.0,0.0
C*03:75,0.0,0.0,0.0,0.0,0.0,0.0,0.0,0.0,0.0,0.0,0.0,0.0,0.0,0.0,0.0,0.0,0.0,0.0,0.0,0.0,0.0
C*01:17,0.0,0.0,0.0000776214590414001,0.0,0.0,0.0,0.0,0.0,0.0,1.1854074714e-6,0.0000120529473026,0.0,0.0,0.0000182492302045,0.0,0.0,0.0000199526337908999,0.0,0.0,0.0000361892797747,0.0
C*07:91,0.0,0.0,0.0,0.0,0.0,0.0,0.0,0.0,0.0,0.0,0.0,0.0,0.0,0.0,0.0,0.0,0.0,0.0,0.0,0.0,0.0
C*16:01,0.096856,0.09135,0.00069,0.036294,0.017505,0.028156,0.096621,0.084662,0.082604,0.033819,0.00271,0.015133,0.001639,0.000151,0.016915,0.047347,0.000179,0.050252,0.09445,0.001286,0.000256
C*06:02,0.086508,0.087809,0.139068,0.073629,0.052853,0.069668,0.071582,0.073965,0.078411,0.093234,0.013734,0.031591,0.010491,0.054757,0.103183,0.060315,0.044675,0.061441,0.079904,0.10727,0.04264
C*05:25,0.0,0.0,0.0,0.0,0.0,0.0,0.0,0.0,0.0,0.0,0.0,0.0,0.0,0.0,0.0,0.0,0.0,0.0,0.0,0.0,0.0
C*05:01,0.033575,0.024469,0.008361,0.078576,0.062151,0.076147,0.028463,0.055477,0.035682,0.093879,0.005441,0.018435,0.007164,0.016231,0.045231,0.057485,0.003608,0.057905,0.033066,0.008553,0.001482
C*08:43,4.2554665627e-6,0.0,0.0,0.0,0.0,0.0,0.000032043074393,0.0,0.0,0.0,0.0,0.0,0.0,0.0,0.0,0.0,0.0,0.0,0.0,0.0,0.0
C*12:51,0.0,0.0,0.0,0.0,0.0,0.0,0.0,0.0,0.0,6.467276938e-7,0.0,0.0,0.0,0.0,0.0,0.0,0.0,0.0,0.0,0.0,0.0
C*12:34,0.0,0.0,0.0,0.0,0.0,0.0,0.0,0.0,0.0,1.4464086856e-6,0.0,0.0,0.0,0.0,0.0,0.0,0.0,0.0,0.0,0.0,0.0
C*05:28,0.0,0.0,0.0,0.0,0.0,0.0,0.0,0.0,0.0,0.0,0.0,0.0,0.0,0.0,0.0,0.0,0.0,0.0,0.0,0.0,0.0
C*16:27,0.0,0.0,0.0,0.0,0.0,0.0,0.0,0.0,0.0,7.788013048e-7,0.0,0.0,0.0,0.0,0.0,0.0,0.0,0.0,0.0,0.0,0.0
C*07:120,0.0,0.0,0.0,0.0,0.0,0.0,0.0,0.0,0.0,0.0,0.0,0.0,0.0,0.0,0.0,0.0,0.0,0.0,0.0,0.0,0.0
C*15:16,0.0,0.0,0.0,0.0,0.0,0.0,0.0,0.0,0.0,2.2914485634e-6,0.0,0.0,0.0,0.0,0.0,0.0,0.0,4.277036704e-6,0.0,0.0,0.0
C*04:29,3.214904862e-6,0.0,0.0,0.0,0.0,0.0,0.0,0.0,0.0,1.2269817404e-6,0.0,0.0,0.0,0.0,0.0,0.0,0.0,0.0,0.0,0.0,0.0
C*08:11,0.0,0.0,0.0,0.0,0.0,0.0,0.0,0.0,0.0,0.0,0.0,0.0,0.0,0.0,0.0,5.7544550879e-6,0.0,0.0000135527532606,0.0,0.0,0.0000162361564219
C*14:05,0.0,0.0,0.0,0.0,0.0,0.0,0.0,0.0,0.0,5.66958876769999e-6,0.0,0.0,0.0,0.0,0.0,5.6815987877e-6,0.0,0.0,0.0,0.0,0.0
C*15:23,0.0,0.0,0.0,0.0,0.0,0.0,0.0,0.0,0.0,1.0353805656e-6,0.0,0.0,0.0,0.0,0.0,0.0,0.0,0.0,0.0,0.0,0.0
C*04:32,1.9684185038e-6,0.0,0.0,0.0,0.0,0.0,0.0,0.0,0.0,8.771711483e-7,0.0,0.0,0.0,0.0,0.0,0.0,0.0,0.0,0.0,0.0,0.0
C*02:19,0.0,0.0,0.0,0.0,0.0,0.0,0.0,0.0000275533481129,0.0,6.1843609675e-6,0.0,0.0,0.0,0.0,0.0,0.0,0.0,0.0,0.0,0.0,0.0
C*06:23,0.0,0.0,0.0,0.0,0.0,0.0,0.0,0.0,0.0,7.10702785e-7,0.0,0.0,0.0,0.0,0.0,0.0,0.0,0.0,0.0,0.0,0.0
C*07:179,0.0,0.0000248675032134,0.0,0.0,0.0,0.0000387742004429,0.0,0.0,0.0,0.0,0.0,0.0,0.0,0.0,5.2495594213e-6,0.0,0.0,0.0,0.0,0.0,0.0
C*03:08,0.0,0.0,0.0,0.0,0.0,0.0,0.0,0.0,0.0,4.9831186438e-6,0.0,0.0,0.0000689258835811,0.0,0.0,0.0000668259612786,0.0,0.0000436232423683,0.0,0.0,0.0
C*12:09,0.0,0.0,0.0000901321596673,0.0,0.0,0.0,0.0,0.0,0.0,6.195224477e-7,0.0,0.0,0.0,0.0,0.0000110035680266,0.0,0.0000199249967191,0.0,0.0,0.000061409105787,0.0
C*16:16,0.0,0.0,0.0,0.0,0.0,0.0,0.0,0.0,0.0,0.0,0.0,0.0,0.0,0.0,0.0,0.0,0.0,0.0,0.0,0.0,0.0
C*07:56,0.0,0.0,0.0,0.0,0.0,0.0,0.0,0.0,0.0,0.0,0.0000247748730239,0.0,0.0,0.0000249240475473,0.0,0.0,0.0000438018452282,0.0,0.0,0.0000614885474518,0.0
C*03:40,0.0,0.0,0.0,0.0,0.0,0.0,0.0,0.0,0.0,6.7130959615e-6,0.0,0.0,0.0,0.0,0.0,0.0,0.0,7.6396512452e-6,0.0,0.0,0.0
C*03:88,0.0,0.0,0.0000673204000048,0.0,0.0,0.0,0.0,0.0,0.0,0.0,0.0,0.0,0.0,0.0,0.0,0.0,0.0,0.0,0.0,0.0,0.0
C*07:61,2.1116247682e-6,0.0000475760574113999,0.0,0.0,0.0,0.0,0.0,0.0,0.0000629087727536,0.0,0.0,0.0,0.0,0.0,0.0,3.6146310884e-6,0.0,0.0,0.0,0.0,0.0
C*07:89,0.0,0.0,0.0,0.0,0.0,0.0,0.0,0.0,0.0,0.0,0.0,0.0,0.0,0.0,0.0,0.0,0.0,0.0,0.0,0.0,0.0
C*02:07,2.1604473978e-6,0.0,0.0,0.0,0.0,0.0,0.0,0.0,0.0,3.2028362783e-6,0.0,0.0,0.0,0.0,0.0000118499148938,6.78343775410001e-6,0.0,6.9523504621e-6,0.0,0.0,0.0
C*07:70,0.0,0.0,0.0,0.0,0.0,0.0,0.0,0.0,0.0,1.7926944064e-6,0.0,0.0,0.0,0.0,0.0,0.0,0.0,0.0,0.0,0.0,0.0
C*05:18,0.0,0.0,7.5378762025e-6,0.0,0.0,0.0,0.0,0.0,0.0,0.0,0.0,0.0,0.0,0.0,0.0,0.0,0.0,0.0,0.0,0.0,0.0
C*07:103,1.8477303181e-6,0.0,0.0,0.0,0.0,0.0,0.0,0.0,0.0,0.0,0.0000120948668669,0.0,0.0,0.0,0.0,0.0,0.0,0.0,0.0,0.0,0.0
C*15:45,0.0,0.0,0.0,0.0,0.0,0.0,0.0,0.0,0.0,0.0,0.0,0.0,0.0,0.0,0.0,0.0,0.0000199847735885,0.000014641354309,0.0,0.0,0.0
C*03:27,0.0,0.0,0.0,0.0,0.0,0.0,0.0,0.0,0.0,0.0,0.0,0.0,0.0,0.0,0.0,0.0,0.0,5.7255289289e-6,0.0,0.0,0.0000182754773927
C*03:03,0.012887,0.009072,0.015197,0.04387,0.043519,0.041955,0.011849,0.029148,0.024515,0.053371,0.027251,0.024047,0.148487,0.119469,0.028857,0.036624,0.047347,0.02984,0.008276,0.020303,0.039749
C*05:26,0.0,0.0,0.0,0.0,0.0,0.0,0.0,0.0,0.0,0.0,0.0,0.0,0.0,0.0,0.0,0.0,0.0,0.0,0.0,0.0,0.0
C*07:26,0.0,0.000101,0.004084,0.000471,0.0,0.0,0.00018,0.0,0.000249,0.0,0.0000180904074864,0.0,0.0,0.0,0.0000726674445773999,3.4497040873e-6,0.0,0.0,0.0,0.001324,0.0000208237499497
C*04:47,0.0,0.0,0.0,0.0,0.0,0.0,0.0,0.0,0.0,0.0,0.0,0.0,0.0,0.0,0.0,0.0,0.0,0.0,0.0,0.0,0.0
C*05:36,0.0,0.0,0.0,0.0,0.0,0.0,0.0,0.0,0.0,4.2854369413e-6,0.0,0.0,0.0,0.0,0.0,0.0,0.0,0.0,0.0,0.0,0.0
C*06:08,0.00016,0.0000483859266408999,0.0,0.000415,0.0,0.0,0.000236,0.0000333408296485,0.0000929994651113,2.387808668e-6,0.0,0.0,0.0,0.0,0.0,4.2355036421e-6,0.0,7.97397715940001e-6,0.0,0.0,0.0
C*01:13,0.0,0.0,0.0,0.0,0.0,0.0,0.0,0.0,0.0,1.0567815044e-6,0.0,0.0,0.0,0.0,0.0,0.0,0.0,0.0,0.0,0.0,0.0
C*15:11,0.0000149658211942,0.0,0.0000105452834916,0.0,0.0,0.0,0.0,0.0,0.0,0.0000748344771563,0.0,0.0,0.0,0.0,0.0000107213985613,0.0000380516180381,0.0000239644901589,0.0,0.0,0.0,0.0
C*16:33,0.0,0.0,0.0,0.0,0.0,0.0,0.0,0.0,0.0,0.0,0.0,0.0,0.0,0.0,0.0,0.0,0.0,0.0,0.000464,0.0,0.0
C*07:93,0.0,0.0,0.0,0.0,0.0,0.0,0.0,0.0,0.0,0.0,0.0,0.0,0.0,0.0,0.0,6.5892961857e-6,0.0,0.0,0.0,0.0,0.0
C*03:78,0.0,0.0,0.0,0.0,0.0,0.0,0.0,0.0,0.0,0.0,0.0,0.0,0.0,0.0,0.0,4.4993625884e-6,0.0,0.0000128047827871,0.0,0.0,0.0
C*07:84,0.0,0.0,0.0,0.0,0.0,0.0,0.0,0.0,0.0,0.0,0.0,0.0,0.0,0.0,0.0,0.0,0.0,0.0,0.0,0.0,0.0
C*04:27,0.0000613140061054999,0.000247,0.0,0.0,0.0,0.0,0.000225,0.0,0.0,0.0,0.0,0.0,0.0,0.0,0.0,0.0,0.0,0.0,0.0,0.0,0.0
C*03:47,0.0,0.0,0.0,0.0,0.0,0.0,0.0,0.0,0.0,0.0,0.0,0.0,0.0,0.0,0.0,6.8316350185e-6,0.0,0.0,0.0,0.0,0.0
C*07:174,0.0,0.0000248577758011,0.0,0.0,0.0,0.0000423569437775,0.0,0.0,0.0,0.0,0.0,0.0,0.0,0.0,6.0421619439e-6,0.0,0.0,0.0,0.0,0.0,0.0
C*05:15,0.0,0.0,0.0,0.0,0.0,0.0,0.0,0.0,0.0,0.0,0.0,0.0,0.0,0.0,0.0,0.0,0.0,0.0,0.0,0.0,0.0
C*15:21,0.0,0.0,0.0,0.0,0.0,0.0,0.0,0.0,0.0,0.0,0.0,0.0,0.0,0.0,0.0,0.0,8.9581259371e-6,0.0,0.0,0.0,0.0
C*08:16,0.0,0.0,0.0,0.0,0.0,0.0,0.0,0.0,0.0,0.0,0.0,0.0,0.0,0.0,0.0,0.0,0.0,0.0,0.0,0.0000336644832575,0.00002135966319
C*03:69,0.0,0.0,0.0,0.0,0.0,0.0,0.0,0.0,0.0,6.795640412e-7,0.0,0.0,0.0,0.0,0.0,0.0,0.0,0.0,0.0,0.0,0.0
C*12:02,0.001135,0.002724,0.081256,0.011537,0.006684,0.004789,0.00437,0.011473,0.021721,0.008692,0.012191,0.016303,0.099973,0.026806,0.033044,0.011156,0.030736,0.011639,0.004035,0.064196,0.018878
C*15:20,0.0,0.0,0.0,0.0,0.0,0.0,0.0,0.0,0.0,0.0,0.0,0.0,0.0,0.0,0.0,0.0,0.0,9.9969780519e-6,0.0,0.0,0.0
C*06:27,0.0,0.0,0.0000621870940223,0.0,0.0,0.0,0.0,0.0,0.0,0.0,0.0,0.0,0.0,0.0,0.0,0.0,0.0,0.0,0.0,0.0000596168949358,0.0
C*15:30,0.0,0.0,0.0,0.0,0.0,0.0,0.0,0.0,0.0000744174424482,0.0,0.0,0.0,0.0,0.0,0.0,0.0,0.0,0.0,0.0,0.0,0.0
C*05:07,2.9277944385e-6,0.0,0.0,0.0,0.0,0.0000337266451133,0.0,0.0,0.0,0.0000187841446832,0.0,0.0,0.0,0.0,0.0000124546051752,4.8856294906e-6,0.0,0.0,0.0,0.0,0.0
C*01:08,0.0,0.0,0.0,0.0,0.0,0.0,0.0,0.0,0.0,0.0,0.0000531185890952,0.0,0.0,0.0,0.0,0.0,0.0000873549143785999,0.0,0.0,0.0000498967033683,0.0000328433564375
C*08:07,0.0,0.0,0.0,0.0,0.0,0.0,0.0,0.0,0.0,2.2202338597e-6,0.0,0.0,0.0,0.0,0.0,4.1187969546e-6,0.0,0.0,0.0,0.0,0.0
C*03:19,0.0,0.0,0.0,0.0,0.0,0.0,0.0,0.0,0.0,8.61143619760002e-6,0.0,0.0,0.0,0.0,0.0000454250472462,0.0,0.0,0.0,0.0,0.0,0.0
C*07:95,0.0,0.0,0.0,0.0,0.0,0.0,0.0,0.0,0.0,1.5065234412e-6,0.0,0.0,0.0,0.0,0.0000106514073413,0.0,0.0,0.0,0.0,0.0,0.0
C*07:39,0.0,0.0,0.0,0.0,0.0,0.0,0.0,0.0,0.0,0.0,0.0,0.0,0.0,0.0,0.0,0.0,0.0,0.0,0.0,0.0,0.0
C*03:60,0.0,0.0,0.0,0.0,0.0,0.0,0.0,0.0,0.0,0.0,0.0000165974183153,0.0,0.0,0.0,0.0,0.0,0.0,0.0,0.0,0.0,0.0
C*03:06,4.0076675594e-6,0.0,0.0,0.001376,0.0,0.000103,0.0,0.000143,0.000162,0.000014249398567,0.0000245280610445,0.0,0.0,0.0000246262516441,0.0000183392906742,0.010273,0.0,0.002629,0.000427,0.0,0.0
C*04:55,0.0,0.0,0.0,0.0,0.0,0.0,0.0,0.0,0.0,0.0,0.0,0.0,0.0,0.0,0.0,0.0,0.0,0.0000127417193811,0.0,0.0,0.0
C*02:25,0.0,0.0,0.0,0.0,0.0,0.0,0.0,0.0,0.0,0.0,0.0,0.0,0.0,0.0,0.0,0.0,0.0,0.0,0.0,0.0,0.0
C*06:18,0.0,0.0,0.0,0.0,0.0,0.0,0.0,0.0,0.0,0.0,0.0,0.0,0.0,0.0,0.0,0.0,0.0,0.0,0.0,0.0,0.0
C*16:08,2.2564744948e-6,0.0,0.0,0.0,0.0,0.0,0.0,0.0,0.0,0.0,0.0,0.0,0.0,0.0,0.0,0.0,0.0,0.0,0.0,0.0,0.0
C*04:11,0.0,0.0,0.0,0.0,0.0,0.0,0.0,0.0,0.0,1.6473521399e-6,0.0,0.0,0.0,0.0,0.0,0.0,0.0,0.0,0.0,0.0,0.0
C*07:105,2.0192563228e-6,0.0,0.0,0.0,0.0,0.0,0.0,0.0,0.0,0.0,0.0000116764120151,0.0,0.0,0.0,0.0,0.0,0.0,0.0,0.0,0.0,0.0
C*04:73,0.0,0.0,0.0,0.0,0.0,0.0,0.0,0.0,0.0,0.0,0.0,0.0,0.0,0.0,0.0,0.0,0.0,0.0,0.0,0.0,0.0
C*05:33,0.0,0.0,0.0,0.0,0.0,0.0,0.0,0.0,0.0,0.0,0.0,0.0,0.0,0.0,0.0,0.0,0.0,0.0,0.0,0.0,0.0
C*16:25,0.0,0.0,0.0,0.0,0.0,0.0,0.0,0.0,0.0000588400317394,0.0,0.0,0.0,0.0,0.0,0.0,0.0,0.0,0.0,0.0,0.0,0.0
C*03:55,0.0,0.0,0.0,0.0,0.0,0.0,0.0,0.0,0.0,0.0,0.0,0.0,0.0,0.0,0.0,0.0,0.0,0.0,0.0,0.0,0.0
C*07:36,0.0,0.0,0.0,0.0,0.0,0.0,0.0,0.0,0.0,1.1748446977e-6,0.0,0.0,0.0,0.0,0.0000159566658364,0.0,0.0,0.0,0.0,0.0,0.0
C*06:21,0.0,0.0,0.0,0.0,0.0,0.0,0.0,0.0,0.0,0.0,0.0,0.0,0.0,0.0,0.0,0.0,0.0,0.0,0.0,0.0,0.0
C*03:13,0.0,0.0,0.0,0.0,0.0,0.0,0.0,0.0,0.0,1.3348604635e-6,0.0,0.0,0.0,0.0,0.0,0.0,0.0,0.0,0.0,0.0,0.0
C*04:36,0.0,0.0,0.0,0.0,0.0,0.0,0.0,0.0,0.0,1.4851155132e-6,0.0,0.0,0.0,0.0,0.0,0.0,0.0,0.0,0.0,0.0,0.0
C*03:14,6.005680602e-6,0.0,0.0,0.0,0.0,0.0,0.0,0.0,0.0,0.000033727921307,0.0000202466637215,0.0,0.0000624454380418,0.0,0.0000114423752973,7.8000292005e-6,0.0,0.0,0.0,0.0,0.0
C*05:32,0.0,0.0,0.0,0.0,0.0,0.0,0.0,0.0,0.0,0.0,0.0,0.0,0.0,0.0,0.0,0.0,0.0,0.0,0.0,0.0,0.0
C*07:12,0.0,0.0,0.0,0.0,0.0,0.0,0.0,0.0000112679857667,0.0,0.0000167137220842,0.0,0.0,0.0,0.0,9.8750090855e-6,0.0000112733262951,0.0,0.0,0.0,0.0,0.0
C*02:05,0.0,0.0,0.0,0.0,0.0,0.0,0.0,0.0,0.0,0.0,0.0,0.0,0.0,0.0,0.0,0.0,0.0,0.0,0.0,0.0,0.0
C*07:45,0.0,0.0,0.0,0.0,0.0,0.0,0.0,0.0,0.0,0.0,0.0,0.0,0.0,0.0,0.0,0.0,0.0,0.0,0.0,0.0,0.0
C*06:14,0.0,0.0,0.0,0.0,0.0,0.0,0.0,0.0,0.0,1.4826487914e-6,0.0,0.0,0.0,0.0,0.0,0.0,0.0,0.0,0.0,0.0,0.0
C*07:79,0.0,0.0,0.0,0.0,0.0,0.0,0.0,0.0,0.0,0.0,0.0,0.0,0.0,0.0,0.0,0.0,0.0,0.0,0.0,0.0,0.0
C*01:05,0.0,0.0,0.0,0.0,0.0,0.0,0.0,0.0,0.0,0.0,0.0,0.0,0.0,0.0000222676981052,0.0,0.0,0.0,0.0,0.0,0.0,0.0
C*01:22,0.0,0.0,0.0,0.0,0.0,0.0,0.0,0.0,0.0,0.0,0.0,0.0000441335951495,0.0,0.0,0.0,0.0,0.0,5.1859324169e-6,0.0,0.0,0.0
C*08:23,0.0,0.0,0.0,0.0,0.0,0.0,0.0,0.0,0.0,0.0,0.0,0.0,0.0,0.0,0.0000107773103138,0.0,0.0,0.0,0.0,0.0,0.0
C*04:04,0.0000945027456376001,0.0000700720510487999,0.0000125052348821,0.003846,0.002979,0.006898,0.000113,0.0,0.0000284989707333,0.0000331847334599,0.0000735093081961999,0.0000675115870969,0.0000795217193469,0.0000183944031526,0.000104,0.0000654774584759,0.0000156470404851,0.0000264465497534,0.0,0.000134,0.0000159240434677
C*03:18,0.0,0.0,0.0,0.0,0.0,0.0,0.0,0.0,0.0,1.6003383299e-6,0.0,0.0,0.0,0.0,0.0,0.0,0.0,0.0,0.0,0.0,0.0
C*06:44,0.0,0.0,0.0,0.0,0.0,0.0,0.0,0.0,0.0,0.0,0.0,0.0,0.0,0.0,0.0,0.0,0.0,0.0,0.0,0.0,0.0
C*16:09,0.0,0.0,0.0,0.0,0.0,0.0,0.0,0.0,0.0,0.0,0.0,0.0,0.0,0.0,0.0,7.17067206530001e-6,0.0,7.6680699918e-6,0.0,0.0,0.0
C*12:19,2.9046108771e-6,0.0,0.0,0.0,0.0,0.0000344271621535,0.0,0.0,0.0,0.0,0.0,0.0,0.0,0.0,0.0,0.0,0.0,0.0,0.0,0.0,0.0
C*16:02,0.000207,0.003216,0.027876,0.002675,0.000447,0.000992,0.000717,0.01511,0.017996,0.002749,0.000232,0.001989,0.00014,0.0000610219467094999,0.015654,0.003763,0.000697,0.003941,0.000728,0.019203,0.001434
C*15:04,7.2957741e-6,0.0000550131593919999,0.000322,0.0,0.001914,0.0000713696019015,0.0,0.000183,0.0000634721348859,0.0000750581598069,0.0000581409614479,0.0000921519339229,0.0000516561516539,0.0000133411051727,0.00161,0.000207,0.0000497146097935,0.000107,0.0,0.000781,0.0000376924115676
C*03:82,0.0,0.0,0.0,0.0,0.0,0.0,0.0,0.0,0.0,1.0590772631e-6,0.0,0.0,0.0,0.0,0.0,0.0,0.0,0.0,0.0,0.0,0.0
C*03:21,0.0,0.0,0.0,0.0,0.0,0.0,0.0,0.0,0.0,0.0,0.0,0.0,0.0,0.0,0.0,0.0,0.0000184338969401,0.0,0.0,0.0000580647045176,0.0000183032401591
C*07:09,2.3507480877e-6,0.0,8.8941452679e-6,0.0,0.0,0.0,0.0,0.0,0.0,8.074918218e-7,0.0,0.0,0.0,0.0,0.0,0.0,0.0,0.0,0.0,0.0,0.0
C*06:35,0.0,0.0,0.0,0.0,0.0,0.0,0.0,0.0,0.0,0.0,0.0,0.0,0.0,0.0,0.0,0.0,0.0,0.0,0.0,0.0,0.0
C*17:06,0.0,0.0,0.0,0.0,0.0,0.0,0.0,0.0,0.0,0.0,0.0,0.0,0.0,0.0,0.0,0.0,0.0,0.0,0.0,0.0,0.0
C*12:10,0.0,0.0,0.0,0.0,0.0,0.0,0.0,0.0,0.0,0.0,0.0,0.0,0.0,0.0,0.0,0.0,0.0,0.0,0.0,0.0,0.0
C*07:171,0.0,0.000015449768796,0.0,0.0,0.0,0.0000503238391135,0.0,0.0,0.0,0.0,0.0,0.0,0.0,0.0,6.8483834271e-6,0.0,0.0,0.0,0.0,0.0000342500154741,0.0
C*07:43,0.0,0.0,0.0,0.0,0.0,0.0,0.0,0.0,0.0,7.884859714e-7,0.0,0.0,0.0,0.0,0.0,0.0,0.0000337837065654,0.0,0.0,0.0,0.0000540139391347
C*04:25,0.0,0.0,0.0,0.0,0.0,0.0,0.0,0.0,0.0,0.0,0.0,0.0,0.0,0.0,0.0,0.0,0.0,0.0,0.0,0.0,0.0
C*02:16,0.0000110263419266,0.0,0.0,0.0,0.0,0.0,0.000030157537374,0.0,0.0,1.0003575569e-6,0.0,0.0,0.0,0.0,0.0,0.0,0.0,0.0,0.0,0.0,0.0
C*07:102,1.5174081702e-6,0.0,0.0,0.0,0.0,0.0,0.0,0.0,0.0,0.0,0.0000230551869893,0.0,0.0,0.0,0.0,0.0,0.0,0.0,0.0,0.0,0.0
C*04:08,0.0000677406411986,0.0000362935415584,0.0,0.0,0.0,0.0,0.0000444110865743001,0.0000214494438685,0.0,2.2982489768e-6,0.0,0.0,0.0,0.0,0.0000112857125899,3.7649355118e-6,0.0,0.0000144093778016,0.0,0.0,0.0
C*01:02,0.007759,0.004832,0.035133,0.046172,0.052603,0.049174,0.008583,0.023782,0.024778,0.034097,0.046515,0.129116,0.173249,0.167726,0.026073,0.050661,0.191464,0.054416,0.025432,0.069009,0.167265
C*04:13,0.000142,0.000192,0.0,0.0,0.0,0.0000542591422427,0.000429,0.0000428880027134,0.0000474297130176,0.0,0.0,0.0,0.0,0.0,0.0,0.0,0.0,0.0,0.000619,0.0,0.0
C*03:72,0.0,0.0,0.0,0.0,0.0,0.0,0.0,0.0,0.0,0.0,0.0,0.0,0.0,0.0,0.0,0.0,0.0,0.0,0.0,0.0,0.0
C*06:20,0.0,0.0,0.0,0.0,0.0,0.0,0.0,0.0,0.0,1.025223533e-6,0.0,0.0,0.0,0.0,0.0,0.0,0.0,0.0,0.0,0.0,0.0
C*12:28,0.0,0.0,0.0,0.0,0.0,0.0,0.0,0.0,0.0,0.0,0.0,0.0,0.0,0.0,0.0,0.0,0.0,0.0,0.0,0.0,0.0
C*02:15,0.0,0.0,0.0,0.0,0.0,0.0,0.0,0.0,0.0,0.0,0.0,0.0,0.0,0.0,0.0,0.0,0.0,0.0,0.0,0.0,0.0
C*01:06,0.0,0.0,0.0,0.0,0.0,0.0,0.0,0.0,0.0,1.2417235319e-6,0.0,0.0,0.0,0.0000634891087214999,0.0,0.0,0.000187,0.0,0.0,0.0,0.0000211358838433
C*07:157,0.0,0.0,0.0,0.0,0.0,0.0,0.0,0.0,0.0,0.0,0.0,0.0,0.0,0.0,0.0,0.0,0.0,0.0,0.0,0.0,0.0
C*07:100,1.2875443982e-6,0.0,0.0,0.0,0.0,0.0,0.0,0.0,0.0,0.0,0.0000242301491026,0.0,0.0,0.0,0.0,0.0,0.0,0.0,0.0,0.0,0.0
C*03:31,0.0,0.0,0.0,0.0,0.0,0.0,0.0,0.0,0.0,0.0,0.0,0.0,0.0,0.0,0.0,0.0,0.0,0.0,0.0,0.0,0.0
C*15:08,0.0,0.0,0.0000121366183478,0.0,0.0,0.0,0.0000449305825411,0.0,0.0,0.0,0.0,0.0,0.0,0.0,0.0,0.0,0.0,0.0000276926397224,0.0,0.0000308641639651,0.0
C*03:05,0.0000425311995295,0.0,0.0,0.00417,0.0,0.0000410879511209,0.000748,0.017193,0.012238,0.0000210116686897,0.0000681862169847,0.0000954430049101,0.0,0.0000288312456283001,0.0000887785263339999,0.007217,0.0,0.019689,0.010822,0.0,0.0000335323741943
C*05:09,2.6129894549e-6,0.0,0.0,0.0,0.0,0.0000345296969258,0.0,0.000111,0.000299,7.7483230878e-6,0.0,0.0,0.0,0.0,0.0000395000408835,0.000106,0.0,0.000118,0.0,0.0,0.0
C*07:68,0.0,0.0,0.0,0.0,0.0,0.0,0.0,0.0,0.0,2.0659012456e-6,0.0,0.0,0.0,0.0,0.0000173987478709,0.0,0.0,0.0,0.0,0.0,0.0
C*05:16,0.0,0.0,0.0,0.0,0.0,0.0,0.0,0.0,0.0,0.0,0.0,0.0,0.0,0.0,0.0,0.0,0.0,0.0,0.0,0.0,0.0
C*07:29,0.0,0.0,0.000315,0.0,0.0,0.0,0.0,0.0,0.0,5.3372681095e-6,0.0000197588945338,0.0,0.0,0.0,0.0000112857126096,8.8046509738e-6,0.0,6.8891419783e-6,0.0,0.000185,0.0
C*14:03,0.001484,0.000799,0.0000773777998889,0.000835,0.0,0.0000974935000969,0.001519,0.00012,0.00029,0.0000628972253303001,0.0000868568094443,0.000485,0.057599,0.051626,0.000451,0.0000829529947335,0.004199,0.000193,0.001828,0.000176,0.000226
C*05:20,0.0,0.0,0.0,0.0,0.0,0.0,0.0,0.0000127408970647,0.0,0.0,0.0,0.0,0.0,0.0,0.0,0.0,0.0,0.0000111847123366,0.0,0.0,0.0
C*07:97,0.0,0.0,0.0,0.0,0.0,0.0,0.0,0.0,0.0,0.0,0.0,0.0,0.0,0.0,0.0,0.0,0.0,0.0,0.0,0.0,0.0
C*07:88,0.0,0.0,0.0,0.0,0.0,0.0,0.0,0.0,0.0,0.0,0.0,0.0,0.0,0.0,0.0,0.0,0.0,0.0,0.0,0.0,0.0
C*02:02,0.088962,0.084675,0.009316,0.042725,0.088441,0.055403,0.080678,0.062372,0.064247,0.043536,0.002865,0.006448,0.001535,0.006967,0.034766,0.033626,0.003566,0.036652,0.074395,0.008103,0.001796
C*07:75,0.0,0.0,0.0,0.0,0.0,0.0,0.0,0.0,0.0,0.0,0.0,0.0,0.0,0.0,0.0,0.0,0.0,0.0,0.0,0.0,0.0
C*03:79,0.0,0.0,0.0,0.0,0.0,0.0,0.0,0.0,0.0,0.0,0.0,0.0,0.0,0.0,0.0,0.0,0.0,0.0,0.0,0.0,0.0
C*07:17,4.9192476872e-6,0.0000213075661082,0.0,0.0,0.0,0.0000453833487322,0.0,0.0000126085078267,0.0,3.5237436116e-6,0.0,0.0,0.0,0.0,4.026855086e-6,0.000194,0.0000203123221548,0.0004,0.0,0.0,0.0
C*08:29,0.0,0.0,0.0,0.0,0.0,0.0,0.0,0.0,0.0,0.0,0.0,0.0,0.0,0.0,0.0000107214385636,0.0,0.0,0.0,0.0,0.0,0.0
C*03:38,0.0000156793188395,0.0,0.0,0.0,0.0,0.0,0.0000589430480727001,0.0000125676494121,0.0,0.0,0.0,0.0,0.0,0.0,0.0,6.5409856385e-6,0.0,0.0000104716587145,0.000482,0.0,0.0
C*07:107,1.8968094776e-6,0.0,0.0,0.0,0.0,0.0,0.0,0.0,0.0,0.0,0.0000102646486422,0.0,0.0,0.0,0.0,0.0,0.0,0.0,0.0,0.0,0.0
C*06:30,0.0,0.0,0.0,0.0,0.0,0.0,0.0,0.0,0.0,1.5831866042e-6,0.0,0.0,0.0,0.0,0.000012790390663,0.0,0.0,0.0,0.0,0.0,0.0
C*07:133,0.0,0.0,0.0,0.0,0.0,0.0,0.0,0.0,0.0,1.5980398989e-6,0.0,0.0,0.0,0.0,0.0,0.0,0.0,0.0,0.0,0.0,0.0
C*16:04,0.0000432705458588,0.001366,0.000327,0.000183,0.000554,0.000161,0.000031729349786,0.000162,0.00023,0.000553,0.000337,0.000141,0.0,0.0000236790991505,0.011543,0.000324,0.000202,0.000292,0.000595,0.000649,0.0
C*03:44,0.0,0.0,0.0,0.0,0.0,0.0,0.0,0.0,0.0,1.1648436116e-6,0.0,0.0,0.0,0.0,0.0000140758087316,0.0,0.0,0.0,0.0,0.0,0.0
C*04:23,0.0,0.0,0.0,0.0,0.0,0.0,0.0,0.0,0.0,1.9276957341e-6,0.0,0.0,0.0,0.0,0.0,0.0,0.0,0.0,0.0,0.0,0.0
C*16:06,0.0,0.0,0.0,0.0,0.0,0.0,0.0,0.0,0.0,0.0,0.0,0.0,0.0,0.0,0.0,0.0,0.0,0.0,0.0,0.0,0.0
C*07:90,0.0,0.0,0.0,0.0,0.0,0.0,0.0,0.0,0.0,0.0,0.0,0.0,0.0,0.0,0.0,0.0,0.0,0.0,0.0,0.0,0.0
C*05:43,0.0,0.0,0.0,0.0,0.0,0.0,0.0,0.0,0.0,0.0,0.0,0.0,0.0,0.0,0.0,0.0,0.0,0.0,0.0,0.0,0.0
C*18:01,0.031548,0.032388,0.0000688183999717,0.001352,0.0,0.000627,0.034744,0.003695,0.005054,0.000255,0.0000830120064481999,0.000323,0.0,0.0,0.000656,0.001997,0.0000283624090472999,0.003753,0.019259,0.000431,0.000166
C*15:06,2.6397612893e-6,0.0,0.0000136854037667,0.0,0.0,0.0,0.0,0.0,0.0,0.0000512964661625,0.0,0.0,0.0,0.0,0.000269,0.0000245898972458,0.0,0.0000215019435946,0.0,0.000111,0.0
C*12:12,0.0,0.0,0.0,0.0,0.0,0.0,0.0,0.0000949755017943001,0.000202,2.5915988764e-6,0.0,0.0,0.0,0.0,0.0,0.0000261146258037,0.0,0.0000209872484443,0.0,0.0,0.0
C*15:24,0.0,0.0,0.0,0.0,0.0,0.0,0.0,0.0,0.0,0.0,0.0,0.0,0.0,0.0,0.0,0.0,0.0,0.0,0.0,0.0,0.0
C*01:28,0.0,0.0,0.0,0.0,0.0,0.0,0.0,0.0,0.0,0.0,0.0,0.0,0.0,0.0,0.0,0.0,0.0,0.0,0.0,0.0,0.0
C*02:27,4.6569848997e-6,0.0,0.0,0.0,0.0,0.0,0.0,0.0,0.0,2.0723241992e-6,0.0,0.0,0.0,0.0,0.0,0.0,0.0,0.0000219326835665,0.0,0.0,0.0
C*04:15,3.0398507805e-6,0.0,0.0,0.0,0.0,0.0,0.0,0.0,0.0,1.1321763634e-6,0.0,0.0,0.0,0.0,0.0,0.0,0.0,0.0,0.0,0.0,0.0
C*12:21,0.0,0.0,0.0,0.0,0.0,0.0,0.0,0.0,0.0,2.1395650785e-6,0.0,0.0,0.0,0.0,0.0,0.0,0.0,0.0,0.0,0.0,0.0
C*02:28,0.0,0.0,0.0,0.0,0.0,0.0,0.0,0.0,0.0,0.0,0.0,0.0,0.0,0.0,0.0000118903166562,0.0,0.0,0.0,0.0,0.0,0.0
C*05:10,0.0,0.0,0.0,0.0,0.0,0.0000329572973196,0.0,0.0,0.0,3.6849639761e-6,0.0,0.0,0.0,0.0,0.0,0.0,0.0,0.0,0.0,0.0,0.0
C*04:65,0.0,0.0,0.0,0.0,0.0,0.0,0.0,0.0,0.0,0.0,0.0,0.0,0.0,0.0,0.0,0.0,0.0,0.0,0.0,0.0,0.0
C*03:80,0.0,0.0,0.0,0.0,0.0,0.0,0.0,0.0,0.0,0.0,0.0,0.0,0.0,0.0,0.0,0.0,0.0,0.0,0.0,0.0,0.0
C*07:05,0.000137,0.000212,9.87204583479998e-6,0.0,0.0,0.0,0.000141,0.0000456147366739,0.0,0.0,0.0000403481255091,0.0,0.0,0.0,0.0000389357559972,0.000014178479078,0.0,0.0000203119656612,0.000327,0.0,0.0
C*03:57,0.0,0.0,0.0,0.0,0.0,0.0,0.0,0.0,0.0,0.0,0.0,0.0,0.0,0.0,0.0,0.0,0.0000155558774158,0.0,0.0,0.0,0.0
C*07:77,0.0,0.0,0.0,0.0,0.0,0.0,0.0,0.0,0.0,0.0,0.0,0.0,0.0,0.0,0.0,0.0,0.0,0.0,0.0,0.0,0.0
C*01:04,0.0,0.0,0.0000199055866574,0.0,0.0,0.0,0.0,0.0,0.0,0.0,0.0,0.0,0.0,0.0,0.0,0.0,0.0,0.0,0.0,0.0,0.0
C*15:42,0.0,0.0,0.0,0.0,0.0,0.0,0.0000252802513255,0.0,0.0,0.0,0.0,0.0,0.0,0.0,0.0,0.0,0.0,0.0,0.0,0.0,0.0
C*04:17,0.0,0.0,0.0,0.0,0.0,0.0,0.0,0.0,0.0,0.0,0.0,0.0,0.0,0.0,0.0,6.2812687408e-6,0.0,0.0,0.0,0.0,0.0
C*03:28,0.0,0.0,0.0,0.0,0.0,0.0,0.0,0.0,0.0,0.0,0.0,0.0,0.0,0.0,0.0,0.0,0.0,0.0,0.0,0.0,0.0
C*01:18,0.0,0.0,6.72002427519998e-6,0.0,0.0,0.0,0.0,0.0,0.0,0.0,0.0,0.0,0.0,0.0,0.0,0.0,0.0,0.0,0.0,0.0000711485961198,0.0
C*07:07,0.0,0.0,0.0,0.0,0.0,0.0,0.0,0.0,0.000058938411104,9.4763662388e-6,0.0,0.0,0.0,0.0,0.0,5.479650765e-6,0.0,0.0000218020890207,0.0,0.0,0.0
C*04:06,0.0,0.0,0.0000432479700801002,0.0,0.0,0.0,0.0,0.0,0.0,7.241181e-7,0.012293,0.000991,0.000117,0.0000147803347197,0.0,0.00004082595241,0.000099075735488,0.0,0.0,0.001677,0.001496
C*02:30,0.0,0.0,0.0,0.0,0.0,0.0,0.0,0.0,0.0,0.0,0.0,0.0,0.0,0.0,0.0,0.0,0.0,0.0,0.0,0.0,0.0
C*15:36,0.0,0.0,0.0,0.0,0.0,0.0,0.0,0.0,0.0,0.0,0.0,0.0,0.0,0.0,0.0000186841469958,0.0,0.0,5.9981868681e-6,0.0,0.0,0.0
C*07:170,0.0,0.0000331315844761,0.0,0.0,0.0,0.0000279962729058,0.0,0.0,0.0,0.0,0.0,0.0,0.0,0.0,4.3090954693e-6,0.0,0.0,0.0,0.0,0.0,0.0
C*06:10,0.0,0.0,0.0,0.0,0.0,0.0,0.0,0.0,0.0,0.0,0.0,0.0,0.0,0.0,0.0,0.0,0.0,0.0,0.0,0.0,0.0
C*18:03,4.4168475282e-6,0.0,0.0,0.0,0.0,0.0,0.0,0.0,0.0,0.0,0.0,0.0,0.0,0.0,0.0,0.0,0.0,0.0,0.0,0.0,0.0
C*04:03,0.000103,0.000103,0.013846,0.001031,0.0,0.00026,0.000408,0.000418,0.00132,0.0000745943201896,0.0531,0.071147,0.000353,0.000285,0.000429,0.0000820691586006001,0.011214,0.000263,0.000823,0.018911,0.044971
C*06:39,0.0,0.0000169844286419,9.2601243961e-6,0.0,0.0,0.0,0.0,0.0,0.0,0.0,0.0,0.0,0.0,0.0,0.0,0.0,0.0,0.0,0.0,0.0,0.0
C*08:12,0.0,0.0,0.0,0.0,0.0,0.0,0.0,0.0000111000461196,0.0,2.9448633171e-6,0.0,0.0,0.0,0.0,0.0,0.0,0.0,0.0,0.0,0.0,0.0
C*12:05,7.3223800174e-6,0.0,0.0000432663701912,0.000227,0.0,0.0,0.0,0.0000157124596676,0.0,0.000030424316909,0.0,0.0,0.0,0.0,0.000172,7.4141057533e-6,0.0,0.0000119963067394,0.0,0.000147,0.0
C*08:18,2.304490391e-6,0.0,0.0,0.0,0.0,0.0,0.0,0.0,0.0,0.0,0.0,0.0,0.0,0.0,0.0,0.0,0.0,0.0,0.0,0.0,0.0
C*03:42,2.9977219686e-6,0.0,0.0,0.0,0.0,0.0,0.0,0.0,0.0,0.0,0.0,0.0,0.0,0.0,0.0,0.0,0.0,0.0,0.0,0.0,0.0
C*15:05,0.012976,0.015644,0.0115,0.003415,0.000643,0.002031,0.016879,0.007135,0.009532,0.003452,0.001002,0.001363,0.000526,0.006534,0.01386,0.005358,0.007402,0.006059,0.014519,0.009947,0.071846
C*07:176,0.0,0.000036803737327,0.0,0.0,0.0,0.0000839630832108,0.0,0.0,0.0,0.0,0.0,0.0,0.0,0.0,4.3090955255e-6,0.0,0.0,0.0,0.0,0.0,0.0
C*16:22,5.74402483330001e-6,0.0,0.0,0.0,0.0,0.0,0.0,0.0,0.0,0.0,0.0,0.0,0.0,0.0,0.0,0.0,0.0,0.0,0.0,0.0,0.0
C*02:13,0.0,0.0,0.0,0.0,0.0,0.0,0.0,0.0,0.0,0.0,0.0,0.0,0.0,0.0,0.0,0.0,0.0,0.0,0.0,0.0,0.0
C*02:09,0.0,0.0,0.0,0.0,0.0,0.0,0.0,0.0,0.0,0.0,0.0,0.0,0.0,0.0,0.0,0.0,0.0,0.0,0.0,0.0,0.0
C*12:07,2.0946621208e-6,0.0000292001233159,0.0,0.0,0.0,0.0,0.0,0.0,0.0,0.0,0.0,0.0,0.0,0.0,0.0,0.0,0.0,0.0,0.0,0.0,0.0
C*02:04,1.9684177547e-6,0.0,0.0,0.0,0.0,0.00014,0.0,0.0,0.0,0.0,0.0,0.0,0.0,0.0,9.5457316056e-6,3.9844075331e-6,0.0,0.0,0.0,0.0,0.0
C*07:86,0.0,0.0,0.0,0.0,0.0,0.0,0.0,0.0,0.0,0.0,0.0,0.0,0.0,0.0,0.0,0.0,0.0,0.0,0.0,0.0,0.0
C*03:10,3.1886371399e-6,0.0,0.0,0.0,0.0,0.0,0.0000688545423968,0.0,0.0,5.1755584933e-6,0.0,0.0,0.0,0.0,0.0,0.0,0.0,0.0,0.0,0.0,0.0
C*15:48,0.0,0.0,0.0,0.0,0.0,0.0,0.0,0.0,0.0,0.0,0.0,0.0,0.0,0.0,0.0,0.0,0.0,5.2255951271e-6,0.0,0.0,0.0
C*03:65,0.0,0.0,0.0,0.0,0.0,0.0,0.0,0.0,0.0,0.0,0.0,0.0,0.0,0.0,0.0,0.0,0.0,0.0,0.0,0.0,0.0
C*07:15,0.0,0.0,0.0,0.0,0.0,0.0,0.0,0.0000107516346259,0.0,1.083037876e-6,0.0,0.0,0.0,0.0,0.0,0.0,9.48128825110001e-6,0.0,0.0,0.0,0.0
C*07:130,0.0,0.0,0.0000126725682072,0.0,0.0,0.0,0.0,0.0,0.0,0.0,0.0,0.0,0.0,0.0,0.0,0.0,0.0,0.0,0.0,0.0,0.0
C*04:52,3.4224503283e-6,0.0,0.0,0.0,0.0,0.0,0.0000329729430354,0.0,0.0,7.325854025e-7,0.0,0.0,0.0,0.0,0.0,0.0,0.0,0.0,0.0,0.0,0.0
C*14:10,5.9034870485e-6,0.0000315762650519999,0.0,0.0,0.0,0.0,0.0000432108026972,0.0,0.0,0.0,0.0,0.0,0.0,0.0,0.0,0.0,0.0,0.0,0.0,0.0,0.0
C*12:03,0.014955,0.01815,0.049164,0.035105,0.020439,0.026405,0.01681,0.043794,0.040974,0.048554,0.005068,0.02526,0.001944,0.005648,0.09107,0.039317,0.017627,0.041502,0.031344,0.041347,0.014289
C*05:29,0.0,0.0,0.0,0.0,0.0,0.0,0.0,0.0,0.0,1.4672465223e-6,0.0,0.0,0.0,0.0,0.0,0.0,0.0,0.0,0.0,0.0,0.0
C*03:36,0.0,0.0,0.0,0.0,0.0,0.0,0.0,0.0,0.0,0.0,0.0,0.0,0.0,0.0,0.0,0.0,0.0000560896246228,0.0,0.0,0.0,0.0
C*12:30,0.0,0.0,0.0,0.0,0.0,0.0,0.0,0.0,0.0,0.0,0.0,0.0,0.0,0.0,0.0,0.0,0.0,0.0,0.0,0.0,0.0
C*06:04,0.0,0.0000509542644796,0.0,0.0,0.0,0.0,0.0,0.0,0.0,5.5517148941e-6,0.0,0.0,0.0,0.0000215837192108,0.0,5.4157375261e-6,0.0,0.0,0.0,0.0,0.0
C*01:31,0.0,0.0,0.0,0.0,0.0,0.0,0.0,0.0,0.0,0.0,0.0,0.0,0.0,0.0,0.0,0.0,0.0,0.0,0.0,0.0,0.0
C*08:02,0.03404,0.036743,0.001922,0.035266,0.024995,0.028618,0.032886,0.045826,0.037104,0.038489,0.003867,0.011936,0.001874,0.012388,0.04086,0.051214,0.001208,0.052588,0.040864,0.003007,0.000573
C*08:41,0.0,0.0,0.0,0.0,0.0,0.0,0.0,0.0,0.0,0.0,0.0,0.0,0.0,0.0,0.0,0.0,0.000102,0.0,0.0,0.0,0.0
C*03:67,0.0,0.0,0.0,0.0,0.0,0.0,0.0,0.0,0.0,0.0,0.0,0.0,0.0,0.0,0.0,0.0,0.0,0.0,0.0,0.0,0.0
C*15:18,0.0,0.0,0.0,0.0,0.0,0.0,0.0,0.0,0.0,0.0,0.0,0.0,0.0,0.0,0.0,0.0,0.0000174377818734,0.0,0.0,0.0,0.0
C*07:03,0.0,0.0,0.0,0.0,0.0,0.000102,0.0,0.0,0.0,0.0,0.0,0.0,0.0,0.0,0.0,0.0,0.0000158578818751,0.0,0.0,0.0,0.0
